,a,aquel,aquella,aquí,así,bien,casa,como,con,corazón,cuando,de,decir,dijo,donde,dos,día,el,ella,en,entonces,entre,era,es,esa,ese,eso,esta,estaba,este,está,fue,ha,había,hacer,hasta,he,hombre,joven,la,las,le,les,lo,los,mano,me,mi,mis,mismo,mujer,muy,más,nada,ni,no,noche,nos,o,ojos,os,otra,otro,padre,para,pero,por,porque,pues,que,quien,qué,se,ser,señor,si,siempre,sin,sobre,su,sus,sí,también,tan,te,tenía,tiempo,todo,todos,tu,un,una,uno,usted,ver,vida,y,ya,yo,él
nh0001,1083,25,19,28,29,75,58,139,372,18,68,2093,38,56,31,85,31,1877,41,737,26,50,94,197,12,33,29,27,53,37,32,49,74,128,33,61,17,82,8,1223,361,403,29,338,567,39,157,47,13,47,16,57,185,37,100,570,38,25,110,30,0,42,60,29,202,95,405,124,91,1482,34,94,776,27,32,139,25,103,52,391,141,42,38,64,116,39,34,73,56,24,328,204,41,78,47,9,1295,95,112,95
nh0002,2631,77,98,62,113,147,118,769,1027,16,218,5085,130,93,57,93,68,2957,116,2216,130,97,372,505,30,50,122,115,144,88,89,83,134,336,190,189,130,110,20,3078,913,458,87,912,1289,69,1938,777,270,144,71,235,686,156,264,1756,53,138,421,54,1,102,75,82,656,607,809,261,137,3198,95,221,1421,186,17,420,160,437,125,659,332,111,111,191,191,113,112,278,158,80,1110,847,82,182,119,124,3277,219,482,135
nh0003,582,25,32,13,29,20,50,96,246,26,43,885,19,25,10,19,22,616,64,349,33,20,74,102,16,17,23,34,41,20,17,14,32,112,22,30,22,14,18,616,158,81,8,121,207,8,386,207,51,12,24,63,66,10,25,242,15,32,24,24,0,20,10,28,116,104,158,42,20,669,10,48,310,14,26,44,22,32,23,156,86,27,26,25,74,31,14,45,20,14,187,184,24,57,28,12,703,48,170,20
nh0004,644,12,11,15,23,23,5,94,248,5,45,1227,10,47,23,23,23,976,5,491,12,36,45,99,9,21,13,16,33,22,15,30,17,57,33,48,11,23,6,626,214,108,27,202,546,15,65,25,9,27,11,15,94,17,23,246,18,35,48,17,15,15,17,33,138,98,199,16,52,606,14,30,413,22,9,67,22,75,21,160,127,17,34,41,71,12,21,38,22,10,176,128,23,0,12,14,915,72,34,44
nh0005,595,19,12,24,23,17,17,101,192,14,29,960,19,21,10,18,25,677,15,365,24,16,72,79,26,21,20,29,23,35,14,9,59,88,17,14,41,12,22,536,167,88,23,137,261,9,212,120,53,9,5,45,92,15,27,199,26,30,17,10,2,5,6,4,110,87,188,41,20,588,18,28,310,18,44,35,28,24,19,177,117,10,25,33,14,12,20,38,27,5,180,148,9,0,29,19,711,44,120,40
nh0006,1668,44,54,61,71,71,54,300,567,107,85,2649,43,119,31,73,38,1816,70,1112,42,40,218,385,79,89,69,88,114,102,52,52,152,245,65,65,137,55,99,1434,424,502,27,307,548,22,504,266,56,33,44,72,241,41,72,739,56,71,76,69,0,43,34,45,344,319,437,92,71,1939,46,133,983,78,83,102,49,78,58,649,266,51,62,125,77,71,45,117,38,15,557,506,51,516,60,50,1788,96,228,137
nh0007,1622,84,91,86,84,70,50,282,625,43,101,2739,43,134,34,44,47,1689,110,1158,49,63,212,313,55,76,85,63,102,66,49,53,86,307,52,77,40,86,109,1552,502,362,59,391,770,19,290,95,28,48,40,94,226,56,95,752,42,120,146,40,0,33,39,7,334,341,514,124,90,2014,58,141,1063,62,56,153,67,93,44,578,273,57,60,95,130,42,53,112,94,21,475,369,27,313,69,69,1977,215,177,124
nh0008,1140,64,70,20,54,42,121,310,328,56,86,2653,48,62,26,68,51,1616,74,908,26,70,185,155,53,70,52,31,59,16,28,47,52,158,56,36,31,42,31,1624,540,337,30,369,676,53,148,52,10,35,19,61,170,42,53,520,49,19,76,65,2,47,33,18,271,142,385,34,27,1271,37,138,831,52,18,108,30,95,140,474,296,32,23,67,130,26,39,105,50,39,435,441,36,1,27,62,1116,87,56,92
nh0009,3020,194,194,110,138,116,54,411,907,15,173,4282,62,121,174,75,89,3580,79,1552,135,119,513,394,28,42,37,113,182,112,45,126,205,783,255,197,104,126,117,2518,698,757,182,1223,1174,41,371,138,30,165,38,118,592,138,152,1514,92,88,201,25,0,74,84,34,723,426,857,368,152,3907,97,124,2222,146,26,305,107,344,149,934,395,34,73,124,101,173,87,264,199,18,872,674,54,93,116,88,2747,237,276,289
nh0010,2556,212,167,109,98,148,117,376,1193,16,189,5080,90,108,63,203,111,3820,64,1587,64,115,250,332,40,58,106,126,119,110,75,82,109,390,91,129,84,156,72,2424,900,940,140,685,1271,98,544,551,39,73,24,265,515,106,119,1153,77,401,193,63,70,77,109,26,416,286,966,95,136,3186,49,299,1951,70,302,232,69,209,204,835,395,134,128,291,194,108,83,235,182,35,929,640,63,241,107,25,3229,358,236,237
nh0011,1048,29,26,20,36,24,26,238,281,12,27,2310,15,37,27,48,22,1489,66,775,39,72,112,112,40,47,34,18,31,18,18,40,36,153,35,44,22,52,4,1489,378,215,11,316,465,35,119,47,8,39,30,24,115,43,58,261,37,23,39,56,4,34,24,36,79,87,347,17,12,630,16,130,744,43,32,81,22,138,92,481,182,41,18,16,54,26,20,82,20,11,550,406,30,0,47,53,884,60,40,127
nh0012,1283,6,5,11,67,72,76,331,359,15,31,2865,34,6,26,38,55,1563,108,1015,42,95,296,45,47,56,95,1,51,7,6,24,17,353,68,71,24,42,6,1513,305,412,32,624,505,44,107,46,8,62,39,65,214,82,114,552,40,14,84,38,0,48,62,45,147,111,434,26,7,1050,33,229,1102,81,12,118,32,180,83,636,212,82,30,43,64,70,43,133,29,21,572,358,58,22,60,41,938,73,32,320
nh0013,1404,134,194,36,45,85,143,245,630,40,75,2870,44,45,33,70,51,1752,83,854,41,83,157,117,25,26,59,55,81,55,35,51,43,257,45,84,17,24,158,1582,546,526,66,417,615,22,146,65,11,43,12,142,311,63,82,641,71,28,83,60,0,54,47,47,241,148,525,51,64,1715,28,165,1142,39,33,121,49,129,93,738,338,95,61,143,118,50,48,166,79,41,446,381,30,127,69,43,1733,159,88,106
nh0014,1138,74,42,16,33,27,15,212,552,91,110,2036,36,76,40,21,39,1433,117,820,65,44,69,170,28,31,18,54,39,70,19,30,88,137,38,70,58,68,90,1398,337,524,12,217,492,55,296,180,53,84,41,32,178,26,51,518,27,70,75,102,141,29,40,78,228,130,314,84,24,1808,38,51,843,54,8,118,50,123,89,707,377,38,24,94,124,13,79,60,54,62,389,357,22,0,62,53,1350,76,84,80
nh0015,2926,76,65,131,63,133,91,461,925,16,228,5360,51,154,54,116,79,3869,36,1730,37,123,249,342,43,75,79,63,130,74,94,95,127,317,98,153,37,54,14,2943,1084,753,241,467,1804,72,434,180,45,52,28,101,413,122,196,969,42,161,205,87,51,41,83,32,396,366,724,100,152,3478,80,286,1993,71,157,294,36,221,102,484,256,79,57,139,118,81,76,160,135,35,1035,607,57,170,125,57,3469,277,124,80
nh0016,861,49,37,24,35,40,18,173,306,18,73,1611,34,26,44,28,24,1315,34,670,27,40,224,190,28,45,42,31,31,22,23,61,37,200,30,33,24,33,2,1016,165,216,30,327,460,9,61,58,7,34,7,36,147,33,72,426,15,33,109,25,12,26,29,40,209,145,302,106,51,1197,47,83,680,65,78,124,36,93,49,424,139,34,37,59,13,26,9,80,34,19,344,216,30,47,30,37,933,80,60,78
nh0017,6876,208,201,213,177,501,479,933,2243,195,446,14152,237,784,211,351,210,8788,409,5042,232,315,514,1606,440,469,275,423,339,362,400,201,718,637,290,332,393,315,268,8993,2215,1121,125,1863,3177,307,1160,793,147,341,178,310,1082,269,336,3264,246,336,521,313,77,233,249,104,1200,1271,2064,506,326,7729,207,655,3747,274,946,649,198,639,705,2933,1111,594,219,262,289,149,260,484,483,167,1962,1846,240,1672,235,280,7775,483,940,392
nh0018,1345,134,180,25,36,70,88,381,550,90,113,2223,40,60,23,91,39,1497,68,988,53,60,168,140,26,25,30,40,100,32,36,23,39,154,35,55,57,34,10,1410,400,149,1,332,476,42,1150,607,144,43,25,135,268,52,41,630,37,114,83,129,3,36,24,150,232,193,453,49,29,1325,16,219,634,44,2,160,79,93,137,359,182,80,26,76,271,67,54,119,39,63,589,406,18,78,72,50,1208,106,369,40
nh0019,533,7,5,1,15,18,24,63,281,2,45,922,6,8,11,21,22,605,38,346,9,16,76,29,26,14,16,1,26,3,2,15,8,73,21,44,1,3,0,637,182,252,28,282,244,23,14,2,1,15,8,19,83,19,46,250,21,15,45,10,0,23,13,2,94,50,192,16,15,611,12,50,570,19,14,40,21,107,24,222,125,26,9,50,24,20,22,32,17,2,189,144,20,9,26,14,618,29,2,58
nh0020,705,57,35,12,22,16,11,140,243,10,44,1470,30,17,22,33,19,1021,39,538,25,31,157,134,35,46,32,17,9,17,10,52,17,115,23,41,6,42,7,811,229,132,18,217,433,15,55,12,10,22,7,42,167,31,72,393,4,29,85,14,5,16,42,11,146,139,263,74,37,937,33,54,595,52,14,90,35,90,33,337,125,31,25,61,29,28,15,55,30,13,249,133,33,7,21,22,1044,82,31,55
nh0021,946,73,70,51,38,59,74,202,477,42,57,2086,38,152,18,46,41,1558,159,852,50,43,103,192,47,57,8,98,71,89,36,21,78,113,23,57,79,73,187,1662,227,204,12,273,337,60,348,142,34,30,66,25,165,48,60,498,49,23,39,82,143,17,32,16,111,151,256,53,17,1098,26,183,769,27,40,134,73,111,148,544,268,33,33,51,151,22,31,122,50,65,573,445,23,1,49,13,1533,92,135,112
nh0022,1814,145,108,23,46,43,68,232,648,11,84,4003,23,40,68,72,59,3174,58,1458,75,147,193,82,21,24,23,20,50,17,25,91,11,253,44,81,12,30,23,2094,841,351,126,256,1287,27,71,59,3,58,25,118,220,37,96,437,63,59,103,78,2,44,41,10,222,178,575,40,39,1491,48,116,1240,76,22,57,34,151,180,611,321,47,65,79,48,37,24,85,86,11,797,515,28,33,52,53,2260,194,32,99
nh0023,1220,77,48,52,32,51,83,156,444,9,108,2088,49,65,23,44,39,1677,39,850,23,40,145,142,10,13,39,37,69,55,41,30,48,115,31,53,36,65,8,1453,312,240,30,246,482,21,638,299,74,41,14,62,168,39,97,545,31,45,65,31,0,36,34,22,240,173,368,85,87,1390,32,83,594,39,32,118,33,107,104,309,121,36,31,52,99,63,41,79,47,19,299,190,23,3,33,16,1665,115,269,57
nh0024,1242,48,37,66,51,67,48,195,486,95,72,1921,53,66,20,65,70,1373,39,715,41,24,120,332,41,77,46,31,58,40,96,41,129,109,45,75,45,80,19,1169,286,396,66,373,360,27,664,386,108,45,47,109,245,45,71,690,33,97,43,59,7,22,39,37,239,221,366,85,26,1581,29,150,668,55,61,108,89,180,55,589,247,46,14,135,39,36,65,118,77,40,359,302,30,54,55,43,1375,139,149,93
nh0025,2464,139,132,39,57,85,47,345,894,168,126,4118,58,102,55,78,127,2666,82,1431,76,53,125,221,71,93,24,40,54,53,39,71,72,162,78,138,33,40,194,2313,600,648,135,385,1108,37,324,247,52,91,53,168,482,60,113,698,65,72,70,133,132,27,40,77,360,157,681,34,95,2777,82,189,1118,104,21,147,153,302,127,1126,557,57,48,320,170,56,90,96,138,101,458,388,59,0,63,91,2212,224,98,120
nh0026,3291,165,103,62,49,69,60,456,1115,170,226,6513,48,284,34,167,114,4467,64,2375,170,165,232,303,76,91,37,189,70,217,33,77,238,313,82,90,138,104,325,3869,805,644,111,374,2060,168,835,597,164,77,70,74,280,38,74,937,85,217,127,215,220,59,54,212,714,423,786,175,71,3739,65,162,1699,86,58,264,56,178,249,1355,795,88,43,262,387,65,125,114,173,312,1160,843,68,0,69,107,3214,138,197,68
nh0027,1197,85,98,20,23,43,103,300,643,14,86,3142,20,83,31,83,79,2112,73,1036,33,68,256,244,40,77,41,33,85,36,29,35,107,277,49,55,56,84,43,1930,512,287,27,419,748,34,561,491,67,51,83,68,191,56,53,585,95,102,89,44,5,28,38,51,231,222,496,53,17,1308,32,206,767,68,85,100,50,168,130,558,253,40,37,48,80,78,38,107,92,20,666,497,47,156,60,52,1671,68,231,89
nh0028,1238,43,35,29,86,95,46,131,364,87,62,2596,24,39,38,39,52,1642,64,774,44,22,131,246,105,51,47,55,24,45,37,61,93,159,42,37,55,53,6,1921,377,339,47,453,596,21,189,111,39,33,41,25,217,29,63,527,7,90,70,22,1,46,47,17,424,98,424,84,60,1476,28,59,786,65,14,74,62,117,80,824,318,41,37,63,165,31,41,68,44,81,272,272,35,15,30,91,1268,84,61,54
nh0029,1962,166,126,109,149,45,187,618,1135,129,222,6095,47,140,111,85,88,4067,153,2387,132,132,186,338,124,146,155,105,103,91,102,76,164,242,53,145,100,48,13,4117,1827,467,49,595,2027,110,392,231,41,38,19,66,279,41,88,867,220,74,50,137,13,70,48,32,474,204,638,347,24,2604,28,224,1683,78,80,299,139,157,329,977,580,86,54,96,191,101,105,154,169,124,691,424,89,9,48,168,5542,167,470,218
nh0030,1137,54,48,43,39,17,46,309,503,62,128,2675,17,80,58,55,37,2096,92,969,80,102,74,205,64,77,65,28,60,50,86,19,157,111,31,62,55,35,22,2219,666,341,30,394,937,63,306,95,14,25,40,19,142,31,38,522,105,13,30,59,1,39,29,13,260,133,342,121,8,1264,15,114,939,25,21,152,77,130,210,439,223,48,25,19,173,37,31,84,54,43,404,307,32,40,33,50,2124,88,241,88
nh0031,1192,14,20,123,74,29,53,241,507,35,86,3444,42,20,74,45,31,2520,42,1423,60,117,138,479,64,68,116,70,36,49,112,31,209,91,33,62,8,25,3,2573,882,158,64,357,1541,39,33,11,4,18,13,42,198,32,88,629,63,47,83,17,9,32,19,19,274,125,510,104,16,1471,7,29,1255,89,8,100,53,135,187,547,344,13,36,20,8,21,46,98,122,11,530,400,49,5,20,54,2795,84,25,61
nh0032,1353,53,51,60,118,30,88,551,810,120,184,4002,38,90,139,50,46,3235,201,1565,180,147,188,344,119,135,114,58,96,72,87,77,207,223,45,92,110,58,23,3031,1035,380,55,463,1490,86,339,201,51,47,29,52,264,38,96,855,146,25,54,103,9,19,17,54,445,171,536,178,2,1961,12,197,1222,68,8,182,106,210,280,837,447,54,43,99,213,65,55,136,114,114,730,548,45,8,17,110,3136,126,390,186
nh0033,1519,20,29,53,123,34,78,363,607,74,173,3737,31,48,105,47,72,2676,71,1535,106,117,135,341,90,112,163,38,55,32,80,53,155,156,52,67,60,48,17,2819,1336,254,108,379,2180,43,128,44,14,27,68,49,253,39,123,905,100,50,72,61,9,18,24,38,464,117,594,150,17,1723,9,180,1169,96,8,178,97,168,234,463,374,25,50,51,98,45,40,112,151,30,549,451,54,110,12,117,2861,109,193,74
nh0034,1143,25,21,49,51,39,33,290,373,24,74,2498,43,15,48,68,24,1560,101,827,53,71,109,315,40,55,83,41,29,29,49,38,162,126,71,86,53,67,7,1452,350,292,23,538,445,36,496,156,55,45,80,46,234,57,112,598,16,98,100,49,1,74,43,10,186,146,433,57,37,1299,19,190,764,64,32,141,41,147,105,440,155,63,34,47,127,31,41,118,17,40,651,446,55,1,41,63,1186,43,103,94
nh0035,4133,148,111,142,177,318,78,858,2036,62,308,7929,146,728,98,215,106,6314,232,2491,151,183,459,1038,117,159,243,185,202,287,110,138,364,622,171,183,237,169,93,4514,1342,1120,106,1576,1774,122,1093,408,112,246,84,178,519,136,193,1714,69,182,278,103,436,128,162,248,856,481,1313,304,247,5506,103,336,2445,161,483,502,101,265,412,1660,733,194,149,219,312,136,192,307,228,69,1351,1064,129,435,169,80,5021,391,607,357
nh0036,2788,102,96,84,134,149,106,508,1098,65,183,4545,106,238,72,63,80,3392,128,1675,47,110,335,538,45,99,189,75,100,80,121,127,177,395,190,101,84,104,106,2961,680,1185,116,1164,1155,98,886,280,26,86,19,151,378,150,237,1734,49,160,142,82,0,78,80,91,624,397,1094,307,143,3058,106,400,1853,136,231,273,75,176,134,877,332,151,68,222,366,116,76,237,94,73,542,411,55,312,131,55,3111,261,170,188
nh0037,3044,73,58,101,110,179,200,557,1288,32,190,5358,85,359,146,165,78,4042,282,2037,79,117,284,603,99,128,134,143,145,129,115,100,355,510,167,140,140,81,27,3579,887,959,114,1229,1417,92,754,261,75,162,136,152,415,126,177,1293,76,127,279,49,0,105,105,242,694,412,1052,195,101,4276,63,212,1903,122,221,333,72,283,242,926,352,88,141,80,258,120,117,278,139,77,862,667,90,704,113,63,4004,246,389,215
nh0038,2592,23,8,68,117,131,186,270,904,23,197,3572,70,246,36,85,94,2713,155,1605,155,71,280,326,80,87,65,171,247,165,69,136,114,519,126,114,48,50,134,2907,709,833,82,854,945,43,268,83,9,87,56,200,369,89,67,1129,95,68,139,43,1,58,55,33,484,399,641,166,56,2737,18,200,1833,95,43,224,111,211,53,1245,457,64,70,103,141,157,73,193,107,31,872,703,77,21,125,101,2492,203,158,155
nh0039,923,45,46,33,21,59,65,141,329,10,62,2033,12,28,18,42,47,1285,38,909,33,60,205,172,6,19,27,22,54,24,24,24,86,237,35,87,67,38,7,1432,416,219,19,343,550,21,160,50,12,30,18,52,192,38,71,459,21,36,67,28,0,30,34,14,186,115,386,47,14,905,12,141,582,29,39,79,46,106,58,421,223,51,15,64,98,45,35,78,82,32,388,328,32,42,12,61,1160,59,44,73
nh0040,453,26,31,10,19,20,13,126,207,28,27,1224,5,22,13,25,15,820,42,395,4,46,27,77,12,13,6,21,10,20,11,7,33,50,14,28,17,18,15,643,241,115,14,57,284,11,66,80,19,20,15,3,76,10,20,135,11,18,17,21,0,10,5,23,114,49,165,21,7,460,22,22,255,25,14,43,15,50,45,210,120,18,14,29,34,7,21,17,19,20,174,136,9,2,5,13,558,22,29,35
nh0041,624,35,29,19,13,15,15,66,205,35,22,1257,8,44,31,28,25,947,36,484,8,59,37,75,37,60,6,28,12,19,16,8,24,59,8,23,29,20,45,761,166,68,8,122,275,38,144,118,19,26,26,5,42,11,7,104,24,23,16,50,4,12,30,10,92,78,124,17,13,543,9,60,326,15,2,32,17,40,62,282,132,20,6,26,78,10,21,19,13,54,310,264,29,24,8,25,673,17,73,42
nh0042,1673,33,22,150,37,57,22,450,658,7,214,3045,32,131,95,103,55,2416,21,1397,52,119,154,596,55,101,108,61,65,72,67,70,112,121,79,134,75,83,11,1852,761,328,131,472,1055,32,384,129,33,39,19,104,322,75,164,974,41,269,241,33,3,37,58,8,313,169,523,49,112,2638,28,147,1216,60,65,176,50,129,216,413,196,61,57,55,91,45,28,94,75,14,757,622,113,30,48,67,2426,211,202,84
nh0043,615,31,30,27,23,16,19,67,205,32,31,1234,10,42,35,32,23,893,40,494,9,56,28,94,30,55,6,58,21,35,18,16,44,56,23,29,35,21,40,717,155,55,4,106,219,38,218,194,51,9,20,6,42,18,20,145,28,39,7,56,10,13,21,47,104,67,97,27,10,503,10,99,284,15,5,40,22,50,49,261,100,14,18,29,71,9,22,25,12,55,271,241,13,2,16,22,656,17,75,27
nh0044,619,34,41,18,22,26,37,88,276,12,29,1391,14,31,28,36,22,941,33,544,9,45,79,67,22,15,23,24,14,25,8,23,22,86,26,32,20,26,35,783,200,193,5,192,260,10,72,11,3,25,17,37,80,14,9,259,10,14,26,31,1,19,23,4,181,92,233,17,9,606,15,71,446,33,8,50,14,79,68,378,133,17,16,19,94,15,14,77,24,22,359,304,19,35,20,31,499,47,21,60
nh0045,1168,113,74,23,32,50,55,139,389,125,51,2266,29,73,41,43,42,1606,102,833,37,54,92,202,122,148,52,54,59,72,26,63,33,117,40,37,33,77,29,1316,273,380,30,278,397,30,233,142,41,44,73,37,291,38,29,403,23,50,88,37,217,22,33,50,201,188,423,72,25,1440,66,74,605,66,35,108,55,105,42,595,304,29,28,67,61,17,25,32,59,59,489,370,56,1,52,45,1125,108,74,69
nh0046,1774,81,56,62,73,82,112,297,645,22,100,4033,45,62,58,120,72,2715,112,1273,41,72,188,197,20,32,49,74,65,60,44,69,79,133,49,83,51,47,17,2797,676,739,107,436,885,66,268,85,27,85,45,134,302,51,189,923,34,98,148,68,9,58,51,15,321,191,420,175,91,1987,49,279,1162,64,71,242,58,175,113,557,282,98,105,154,253,60,71,88,94,56,485,314,30,113,62,32,2995,163,142,140
nh0047,2374,93,79,106,153,116,212,411,872,42,187,4400,73,140,37,125,106,3344,173,1541,71,79,345,430,59,85,89,115,135,74,93,65,206,349,127,128,114,70,66,3388,677,852,94,726,1004,88,589,149,30,68,48,191,419,134,173,1724,44,58,217,92,9,80,87,93,384,368,587,275,137,2727,47,420,1812,101,90,413,112,320,197,861,344,117,57,249,307,127,66,178,150,52,740,460,52,208,130,66,3135,242,205,251
nh0048,1664,87,95,44,89,98,115,462,689,35,106,3666,53,38,57,82,61,2251,172,1271,47,77,286,214,10,18,25,83,103,84,33,81,110,194,51,89,120,46,17,2527,584,391,40,643,642,47,1338,726,185,89,35,100,395,78,254,1217,88,94,216,51,3,43,73,47,364,177,559,175,101,2616,81,199,938,98,38,277,74,199,95,490,220,35,73,236,137,71,62,134,80,32,402,314,26,115,52,69,2921,182,581,86
nh0049,3941,160,196,239,185,240,547,686,1302,118,258,6019,144,731,60,187,159,4427,259,2541,231,179,447,893,219,181,223,217,283,184,204,108,268,596,185,219,220,338,259,4640,884,1071,57,1239,1270,126,1412,680,96,183,204,288,513,271,337,2018,166,161,176,107,922,87,109,209,847,845,1135,466,136,4963,81,538,2549,187,196,454,95,440,169,1327,445,335,127,268,343,149,99,350,180,109,1303,1146,133,0,208,95,5286,509,697,280
nh0050,1558,51,51,49,46,86,61,267,458,17,84,2743,51,173,20,110,57,1850,22,934,19,41,136,394,44,55,59,92,108,79,85,60,85,182,55,74,43,76,16,1765,478,270,37,416,725,34,188,122,26,45,53,81,207,59,73,632,21,83,56,71,22,52,41,40,206,230,405,120,49,1351,34,184,1060,97,30,109,45,67,60,460,189,86,43,67,66,78,40,110,70,16,562,441,58,243,71,25,1743,184,117,35
nh0051,3111,168,152,69,103,104,131,500,984,93,158,5174,104,236,48,161,137,3478,462,2332,94,143,311,501,92,99,47,77,115,70,90,110,152,393,95,149,111,110,148,4007,971,925,116,950,1344,106,493,362,78,85,89,285,470,69,108,1206,73,91,80,242,3,96,83,121,690,221,794,141,65,3356,146,264,1993,150,80,182,113,318,146,2151,806,188,170,200,115,102,93,237,144,68,1177,1073,96,254,98,132,3230,201,220,375
nh0052,3031,90,94,164,145,200,204,584,1030,85,159,5572,144,279,75,103,144,3570,140,2481,57,122,200,641,140,161,198,125,107,70,110,115,197,222,101,128,125,31,140,3426,1079,695,68,951,1164,48,952,329,95,67,57,356,392,151,259,1813,81,169,187,84,49,76,95,52,652,524,826,153,122,2881,128,575,1695,110,100,329,101,147,79,801,363,269,60,211,489,66,58,234,164,223,815,647,53,302,95,87,4391,348,421,139
nh0053,3264,309,195,31,107,48,73,350,1009,64,221,4384,31,177,189,155,78,4021,51,1441,91,111,322,262,69,68,21,118,184,93,57,165,159,673,166,160,106,301,41,2917,502,769,76,813,968,118,349,118,9,79,51,58,290,35,65,878,116,36,168,55,0,32,70,18,552,246,776,243,161,3300,132,83,1782,113,48,199,91,261,264,1281,326,15,42,114,52,104,58,138,99,7,901,746,83,157,102,100,2622,171,188,173
nh0054,5054,274,310,120,270,136,211,708,1715,85,316,7118,89,231,194,182,116,5453,219,2646,204,175,746,766,58,73,55,128,264,156,125,219,299,1060,395,277,106,189,209,4243,1035,1300,260,2052,1622,57,657,291,46,288,119,103,994,224,261,2391,83,146,264,61,0,92,97,45,1219,721,1306,491,287,6300,173,213,3056,202,24,422,183,446,286,1892,813,46,81,172,220,304,128,467,305,57,1345,1094,89,265,173,179,5219,320,531,515
nh0055,2965,192,173,63,158,83,52,408,913,10,196,4191,66,97,178,116,105,3934,46,1415,156,124,495,273,21,40,22,80,135,78,39,127,106,593,247,179,31,87,64,2411,677,567,266,968,1403,33,200,68,20,130,21,100,566,115,135,1365,97,266,232,8,1,48,71,5,737,388,717,319,136,3586,90,101,1882,116,36,242,114,301,154,704,431,25,44,104,46,149,89,236,183,2,751,578,70,60,86,63,2724,224,165,213
nh0056,3429,240,243,69,179,85,94,599,1159,24,219,5044,62,126,153,125,108,3830,111,1782,195,134,688,438,32,43,46,146,212,128,73,183,173,875,354,212,89,99,108,2982,775,859,201,1435,1551,56,427,155,36,172,82,105,826,168,197,1779,88,113,227,30,1,78,111,14,924,492,1009,486,125,4646,102,165,2239,155,18,355,155,386,172,1131,571,38,79,185,158,195,115,308,271,44,1007,775,98,131,115,133,3420,348,279,342
nh0057,1401,15,6,33,49,62,50,342,527,29,103,3408,57,18,53,58,34,2056,53,1100,37,83,63,362,36,42,53,43,17,46,43,28,159,48,97,111,77,118,22,1777,508,359,38,487,639,60,528,283,82,52,99,71,279,58,156,664,22,80,227,37,0,41,60,13,234,135,541,60,45,1634,36,149,938,78,47,198,43,148,102,432,173,49,42,62,146,18,53,107,36,75,702,428,84,30,33,81,1636,70,75,71
nh0058,1099,45,44,34,40,42,90,229,520,7,64,2015,22,7,93,58,32,1486,71,768,19,67,99,143,20,22,20,50,54,32,35,20,48,106,35,88,28,16,46,1527,451,208,34,271,567,23,109,18,3,20,8,31,152,45,60,440,34,24,92,19,2,58,18,7,246,105,385,74,47,1201,29,61,786,49,40,110,41,146,39,404,227,30,38,81,53,39,47,65,37,7,355,291,23,56,60,39,1363,95,72,46
nh0059,1093,39,20,25,49,50,37,441,649,22,108,3011,34,41,45,58,33,1787,26,1004,19,37,157,109,85,71,8,44,86,38,15,21,53,284,82,73,40,79,8,1580,567,349,49,350,859,56,149,82,41,38,16,33,191,31,55,360,22,58,66,63,2,40,35,6,399,90,445,13,18,1499,34,78,816,62,17,134,42,183,104,692,473,22,16,38,71,66,47,101,78,56,774,508,38,13,44,36,1519,71,43,88
nh0060,1663,100,52,32,47,51,37,305,705,9,93,3706,50,137,36,85,49,2517,62,1328,36,87,184,345,49,46,57,63,78,68,50,54,120,167,84,74,50,89,22,2005,605,369,60,494,944,67,267,82,26,52,43,127,252,48,59,682,25,51,100,81,9,52,61,7,291,184,595,116,51,2179,46,184,1259,84,39,177,65,129,134,595,293,95,39,84,123,61,36,94,89,36,853,618,39,84,52,30,1596,92,107,111
nh0061,970,17,27,29,31,37,24,115,261,3,84,1491,17,42,20,34,26,1114,71,606,21,39,71,76,7,8,20,45,33,47,23,60,43,152,35,34,23,30,14,1025,299,256,33,193,417,16,223,102,24,25,24,19,77,15,27,248,21,24,29,14,0,22,29,15,177,92,269,27,41,843,19,40,628,57,63,49,17,64,64,378,135,28,21,24,48,36,45,37,21,10,262,177,25,41,24,35,952,48,93,55
nh0062,475,39,37,9,18,20,45,73,208,26,36,970,30,66,4,50,17,549,23,307,9,16,77,133,11,20,32,15,23,20,21,17,31,43,19,18,23,27,1,556,181,98,11,158,158,18,97,60,9,11,35,24,60,20,17,210,16,7,27,26,1,11,9,6,61,49,131,23,23,470,4,62,306,20,22,34,22,53,42,213,96,24,9,12,64,24,10,52,22,16,208,209,16,46,11,17,610,31,61,30
nh0063,3160,43,51,155,51,133,192,359,1366,62,214,4804,91,287,102,116,55,3272,99,1937,49,75,279,563,147,170,78,200,193,168,140,146,270,327,156,123,156,112,39,3479,936,1252,205,864,1332,73,707,349,97,89,39,163,365,131,153,1407,39,134,168,65,1,129,108,135,827,398,849,373,182,4249,97,266,1961,133,240,293,70,292,67,1248,517,95,45,116,202,200,55,167,142,69,843,699,103,26,132,97,2570,184,342,218
nh0064,2549,89,86,55,71,94,75,364,953,124,143,4463,63,205,77,135,80,3176,85,1669,68,120,221,326,104,179,49,159,66,124,101,62,245,336,115,128,198,121,239,2389,656,522,70,549,1031,53,521,307,62,109,33,146,391,65,98,779,106,128,190,88,135,61,66,73,479,462,723,260,75,3056,49,223,1507,104,102,223,65,196,153,1090,424,102,52,284,213,32,127,152,94,82,1161,832,71,287,127,122,2502,250,181,138
nh0065,952,24,46,10,15,19,66,155,377,59,45,1719,26,56,29,55,41,980,67,684,32,47,120,93,62,54,6,53,39,50,39,32,58,190,39,48,63,19,134,1102,282,172,15,157,309,19,234,262,24,21,41,73,81,29,22,232,40,27,53,30,16,29,31,48,174,137,290,63,12,901,22,66,532,37,15,64,27,125,59,493,150,33,20,74,29,23,46,41,14,17,489,442,32,0,44,53,947,53,139,39
nh0066,6149,252,151,128,227,311,401,1307,2128,113,522,10324,370,544,290,236,204,7928,156,4029,141,151,888,772,112,218,236,481,336,445,115,432,381,994,304,273,196,454,161,6348,1505,2277,176,1863,2536,67,985,440,121,364,248,404,1479,178,350,3008,85,167,409,117,11,143,241,159,1856,1023,2334,578,554,9172,330,196,4003,381,167,799,137,687,154,1940,609,127,213,703,239,407,243,452,461,82,1967,1442,210,31,338,133,4579,531,579,381
nh0067,1527,99,79,41,55,67,69,202,622,17,92,3257,33,42,42,74,37,2204,86,1094,68,68,157,188,34,61,72,31,31,35,43,89,44,183,37,74,25,141,24,1703,377,432,23,384,530,46,251,92,10,70,73,88,180,60,76,651,35,43,86,78,1,53,29,6,195,204,496,63,48,1357,53,206,927,77,86,116,32,115,138,754,295,140,52,104,125,39,17,108,55,36,756,497,26,182,69,43,1813,176,122,192
nh0068,2738,115,100,119,185,149,211,518,1080,70,234,4488,116,148,40,102,125,3467,196,1720,59,98,275,428,94,124,209,105,187,55,134,117,139,205,84,155,87,52,164,3404,951,851,48,886,1184,42,679,237,33,36,54,285,326,123,242,1701,106,61,112,112,4,61,92,146,536,376,713,126,100,2581,97,482,1406,81,79,347,112,190,71,670,327,207,56,166,553,82,75,234,105,127,817,645,52,457,119,66,3372,367,394,157
nh0069,6715,313,273,145,123,224,208,888,1956,236,317,13085,131,929,288,292,201,11003,110,4576,139,237,563,1493,399,565,134,295,447,330,374,145,755,704,159,315,349,410,246,8816,2271,1043,190,1263,3498,144,1209,857,211,101,135,231,663,206,191,2336,199,314,203,123,127,92,105,108,992,446,1538,296,130,5555,160,353,4456,174,393,361,178,363,530,2253,1087,269,69,192,372,157,102,473,238,247,2556,2076,177,778,174,128,5662,511,885,163
nh0070,1191,111,92,26,34,70,62,162,491,6,49,2749,37,15,35,93,64,1622,44,853,19,63,192,68,9,12,35,31,37,25,19,31,10,146,50,54,8,48,66,1671,523,378,110,238,757,17,44,19,5,46,14,102,262,60,55,458,45,25,142,21,3,48,40,25,198,149,477,50,38,1273,29,86,954,34,10,94,34,119,84,472,237,45,38,57,48,56,37,120,68,9,353,250,24,24,33,37,1535,124,53,82
nh0071,847,86,107,21,41,27,80,168,382,31,90,2248,19,7,36,77,56,1166,79,775,41,85,112,69,18,28,10,76,49,43,7,24,38,135,32,71,24,3,54,1040,578,100,45,223,606,11,473,382,285,34,8,61,217,39,52,350,34,164,70,42,19,36,33,49,177,94,421,30,24,1382,32,79,476,45,5,77,48,90,87,268,236,30,62,116,28,27,34,125,65,16,221,191,26,0,44,58,1334,99,147,31
nh0072,2783,143,111,71,75,107,96,394,1023,76,189,3905,59,366,129,114,54,3302,161,1627,86,55,233,352,126,182,38,79,114,96,78,103,210,329,98,120,141,171,137,2645,553,849,116,923,1030,82,719,421,98,121,69,93,366,92,104,1117,73,131,132,139,191,46,66,296,333,375,702,126,62,3016,93,243,1962,123,275,359,51,268,82,1018,541,131,66,106,156,55,78,190,125,75,828,508,65,178,112,71,2830,154,338,227
nh0073,522,5,16,10,10,12,38,82,191,32,31,985,17,22,9,23,28,668,36,421,25,28,51,103,37,27,11,26,25,13,33,9,69,52,21,17,26,22,72,555,205,62,14,109,215,12,104,86,21,14,24,50,67,14,29,180,27,19,48,25,41,23,8,16,88,70,144,45,7,644,13,58,335,13,9,56,10,57,35,250,86,17,9,43,56,8,21,32,16,24,262,241,21,32,26,36,582,60,52,34
nh0074,570,4,5,4,16,10,9,78,301,1,27,1135,3,3,7,27,17,741,29,393,8,24,72,18,20,22,15,3,32,1,3,15,3,54,19,37,7,7,0,698,212,203,27,247,349,15,3,4,0,16,12,22,60,24,72,189,21,6,55,12,0,16,24,1,107,39,212,9,10,572,8,47,625,11,3,52,16,132,47,218,84,17,13,26,9,24,14,28,18,0,222,184,27,11,11,9,650,24,5,50
nh0075,576,17,26,6,55,49,37,129,208,13,48,1354,36,55,19,18,27,744,50,524,17,26,99,131,19,21,59,20,31,7,23,38,25,45,30,34,16,11,50,758,343,173,32,203,298,9,124,34,3,12,14,104,104,32,94,424,25,11,50,16,2,29,23,11,139,130,184,33,34,655,24,128,422,26,28,93,22,51,11,163,73,68,3,37,52,31,31,40,33,5,163,142,10,107,28,27,988,44,83,41
nh0076,2322,68,52,63,72,92,77,481,992,35,211,4771,78,120,87,152,56,3733,77,1782,52,111,301,435,82,127,110,103,107,89,92,96,123,245,94,166,80,116,63,3209,835,727,56,765,1051,37,512,198,49,68,28,177,394,83,124,1106,70,91,153,70,0,81,74,22,539,235,756,142,138,2548,50,188,1791,98,67,285,66,237,197,981,434,105,88,101,250,75,78,191,77,76,1029,770,51,243,111,58,2475,252,199,144
nh0077,3828,35,37,235,95,163,143,491,1814,128,313,5916,113,315,133,137,108,4689,180,2323,63,83,401,822,199,270,126,267,232,238,207,219,375,286,161,119,176,142,42,4177,1121,1240,209,1248,1760,82,1100,543,140,97,77,225,393,166,206,1728,59,218,138,109,266,118,152,270,1032,456,1146,394,196,5255,116,354,2283,189,303,423,80,337,92,1718,680,83,81,194,322,162,66,200,195,131,1056,699,111,401,184,127,3270,291,486,268
nh0078,831,19,12,38,14,17,24,193,329,3,49,1461,12,33,58,26,30,1239,12,538,17,55,79,137,13,17,16,24,20,17,19,35,29,72,31,39,23,52,4,971,343,138,32,192,473,18,143,43,12,17,5,16,105,20,50,309,33,42,64,18,2,15,22,1,134,62,242,20,28,957,13,54,527,38,42,69,17,70,100,290,165,19,11,17,21,20,18,35,16,2,385,264,46,15,24,34,1074,72,52,32
nh0079,621,24,3,19,9,28,31,112,274,11,56,1267,30,23,23,16,32,950,19,528,11,28,96,156,11,11,15,14,15,29,24,32,33,44,40,50,19,35,3,701,266,151,40,205,417,20,159,88,20,16,3,21,115,18,26,269,16,24,83,17,0,11,24,6,136,63,172,16,22,858,21,52,393,30,48,67,21,44,34,219,137,16,10,9,9,31,18,40,34,0,320,189,42,27,22,37,881,52,41,45
nh0080,3060,37,33,79,67,62,126,293,1271,36,177,5790,38,40,61,122,65,3669,194,2144,40,88,149,304,58,42,67,47,35,43,49,77,105,160,35,182,36,57,12,3411,1293,856,120,1113,1759,49,541,105,25,68,58,186,381,104,318,1226,98,124,270,116,10,66,58,10,366,177,1060,167,113,3806,63,322,2558,75,20,345,62,473,84,1078,687,160,67,102,323,28,55,129,113,56,809,572,86,384,75,62,4181,260,205,197
nh0081,2465,57,41,67,105,98,106,650,859,35,141,4351,38,86,55,112,41,3062,70,1796,117,70,304,232,68,75,48,95,75,69,52,83,95,279,91,195,52,69,71,2693,714,999,155,574,986,73,301,150,45,90,59,123,338,71,69,861,82,67,128,96,16,76,56,122,422,218,787,104,100,2221,80,140,1807,54,29,273,116,233,168,1390,549,91,97,161,184,52,71,121,147,48,894,687,52,127,93,63,2477,245,148,170
nh0082,765,10,17,13,47,34,50,345,626,36,90,1993,34,36,12,27,45,1089,150,679,37,34,89,127,54,53,12,70,75,17,25,15,46,295,29,50,51,11,8,1528,452,300,13,230,383,35,151,61,21,21,14,58,170,23,20,402,26,19,7,58,0,16,14,1,291,118,337,16,12,1173,13,68,797,21,1,148,33,108,106,661,368,16,42,91,68,33,31,74,33,24,466,511,26,1,28,36,1032,79,74,49
nh0083,755,56,32,41,22,45,12,200,265,12,75,1968,41,67,29,39,26,1458,12,847,22,42,84,307,25,39,31,58,27,76,41,22,116,92,35,59,50,49,15,1195,403,141,24,259,681,14,219,101,33,26,1,46,171,27,26,530,6,75,114,16,34,34,42,1,187,141,317,99,42,1314,19,137,626,63,99,139,16,36,46,244,135,49,29,69,12,15,21,69,102,4,370,337,57,0,39,30,807,45,50,32
nh0084,2326,167,178,36,31,46,90,569,991,41,147,5821,60,73,78,107,85,4333,110,1944,132,125,301,126,40,56,30,82,90,40,18,94,78,258,62,121,37,76,17,3758,1200,758,62,311,1622,95,148,91,15,118,65,61,371,25,54,614,73,45,193,120,123,83,122,43,423,219,862,17,45,1872,55,139,1612,87,95,187,81,261,331,1354,498,59,46,85,48,21,68,211,125,17,1136,793,103,0,52,94,2891,107,89,197
nh0085,3913,363,175,145,131,196,114,430,1178,146,280,7197,88,107,82,134,127,4889,67,3292,144,121,386,687,134,238,121,246,202,339,135,163,505,471,158,199,331,247,85,3535,901,795,36,1020,1231,98,2537,1249,447,156,10,234,634,143,218,1711,104,322,235,85,24,119,119,98,779,457,901,300,217,4702,122,356,1993,184,94,426,124,527,295,1078,469,185,90,419,378,69,159,364,217,109,1641,1073,90,843,135,172,4666,356,1077,172
nh0086,1498,100,81,14,80,72,13,478,927,27,129,3601,6,5,39,129,65,3247,60,1725,59,170,106,18,75,105,40,8,7,11,3,27,7,92,3,119,2,62,19,2567,907,317,114,425,1360,26,22,15,0,39,30,47,259,34,83,408,94,5,98,79,5,80,73,8,251,173,723,22,108,947,17,82,1570,10,2,116,41,173,299,1108,631,21,42,56,21,7,35,97,43,3,1082,757,78,2,21,21,1580,166,7,119
nh0087,504,3,1,14,14,30,11,94,118,43,36,1067,19,52,17,13,14,674,31,352,14,12,29,140,55,55,9,35,4,36,23,12,64,31,8,20,53,26,12,752,190,142,28,109,283,14,182,139,39,16,22,6,75,7,28,255,13,31,24,32,20,10,15,6,73,54,131,51,9,632,6,46,238,30,7,56,24,51,26,250,82,38,14,29,6,7,7,39,23,2,149,161,12,0,14,42,606,40,114,15
nh0088,1395,102,99,5,75,82,106,474,669,43,136,3189,43,81,21,62,74,2089,287,1339,40,53,564,68,39,17,85,34,191,33,12,98,40,585,101,105,7,95,28,1882,527,940,42,589,612,37,26,9,6,102,52,77,603,108,145,1041,51,8,98,55,0,80,61,15,344,288,533,144,14,2268,70,136,1263,155,104,214,130,144,67,728,235,74,86,155,27,177,66,222,79,1,536,452,65,33,93,57,2037,180,20,318
nh0089,2247,71,75,146,152,178,177,494,770,132,211,4601,107,126,39,96,149,2946,128,1998,91,74,227,501,81,85,192,83,125,53,121,86,139,123,58,120,100,36,102,2916,966,537,56,668,1202,33,1785,624,238,33,33,414,362,154,241,1583,78,181,178,97,15,74,68,28,595,360,646,139,104,2736,63,421,1079,97,113,279,104,218,41,401,269,154,41,146,571,74,64,201,137,165,773,619,51,447,111,112,3395,316,616,69
nh0090,7047,17,13,187,245,388,526,1066,2719,62,464,11847,207,617,264,460,308,8883,156,4595,63,248,670,797,134,211,172,270,362,263,218,402,449,842,343,368,245,170,16,7430,2332,1975,373,2266,3272,215,1157,529,100,290,124,479,1088,318,565,2697,204,234,653,155,29,206,180,97,1246,932,1659,264,361,7463,110,455,4406,206,227,704,115,567,165,2197,987,82,122,278,431,321,218,396,185,122,2202,1747,210,1035,120,246,9943,822,394,329
nh0091,680,53,38,25,17,31,29,146,247,8,45,1466,25,13,30,30,37,1086,33,568,26,23,107,159,42,58,30,21,22,16,31,56,34,106,32,49,13,36,11,851,202,160,11,217,287,20,66,33,2,14,46,35,152,33,76,398,25,26,76,17,9,20,25,30,143,129,237,100,35,920,35,52,536,38,1,100,20,95,47,374,104,16,26,42,47,26,13,44,22,15,290,178,25,1,24,18,987,68,76,50
nh0092,3698,98,129,67,109,189,203,531,1191,106,264,6517,106,144,58,194,91,3512,145,2458,90,99,371,613,139,137,180,199,154,148,126,94,327,488,195,135,187,101,68,3721,1255,1005,115,1049,1240,55,1814,853,276,91,107,277,691,125,309,1755,102,355,380,62,47,95,104,38,871,647,818,192,160,4720,114,140,2245,150,30,407,105,270,108,1426,671,74,75,272,56,165,159,166,98,15,1059,1150,174,42,86,113,4128,252,368,111
nh0093,779,17,14,7,6,10,67,94,220,43,60,1723,16,20,5,20,40,1249,53,529,15,34,27,82,21,19,8,30,16,25,19,14,55,48,14,19,18,29,11,1068,374,92,30,98,552,10,59,77,26,8,18,10,59,6,29,209,41,22,80,37,4,13,20,13,125,26,214,44,24,833,14,18,372,14,15,34,21,38,61,426,240,6,9,13,26,13,20,16,20,20,183,162,23,23,15,49,594,21,42,35
nh0094,1256,73,37,30,41,52,40,194,385,34,64,2766,34,78,47,118,58,2185,38,833,29,62,244,218,24,36,32,79,70,95,30,51,47,128,38,40,33,125,47,1565,351,208,33,347,782,29,100,53,17,58,63,33,154,24,40,373,45,33,121,61,4,22,54,20,175,101,366,111,31,1272,52,61,633,66,16,90,44,93,117,714,252,56,40,76,28,37,37,76,80,16,486,350,70,10,48,58,1577,61,71,105
nh0095,1078,35,19,21,56,37,80,139,359,56,70,2285,34,38,45,64,57,1430,84,711,25,45,227,203,101,109,63,33,77,27,28,63,53,157,42,35,12,29,84,1299,360,211,24,282,425,18,76,65,7,30,39,39,131,36,80,433,50,37,62,38,21,25,46,77,175,129,292,94,23,1151,33,80,635,38,22,90,29,96,44,737,246,37,38,85,45,37,39,92,43,39,359,329,35,62,34,52,1288,103,58,81
nh0096,715,31,34,14,23,35,37,107,249,49,68,1073,13,64,11,44,27,732,61,373,23,21,58,95,12,19,12,29,50,28,21,24,57,113,28,24,46,31,20,689,145,125,12,170,216,21,215,92,18,21,32,39,101,19,21,234,25,34,14,30,3,16,26,5,98,114,215,70,8,771,29,38,453,33,16,47,37,37,69,317,133,29,15,43,103,21,31,68,34,54,213,207,14,0,30,38,744,40,49,48
nh0097,2815,120,108,115,73,171,128,461,1124,32,226,4241,124,427,92,143,81,3405,73,2006,126,111,231,556,57,107,120,126,136,122,136,167,199,315,188,124,112,82,62,2543,839,667,190,870,1443,73,638,278,68,174,36,249,472,86,123,1138,67,273,200,45,4,60,81,58,737,297,807,155,147,4102,70,255,2173,155,62,305,91,233,103,666,322,139,126,125,207,85,73,162,260,78,679,548,78,3,104,45,2341,358,358,94
nh0098,2916,88,122,59,53,169,156,503,972,279,312,4715,136,336,99,213,170,3717,281,1582,17,59,287,807,116,99,32,348,210,318,220,192,306,189,194,173,182,210,216,3290,815,827,63,901,761,93,886,900,148,93,188,407,695,127,136,1369,84,145,101,89,33,116,65,223,521,422,679,171,463,4687,54,199,1522,219,73,286,225,198,100,1282,269,124,148,300,523,125,103,346,161,266,973,892,86,307,130,140,3327,220,446,192
nh0099,717,28,45,12,34,29,30,272,347,23,80,1920,18,18,20,67,26,1338,63,744,28,44,149,157,52,55,26,30,71,14,24,29,33,123,16,32,31,22,15,1282,467,191,12,147,602,36,196,114,22,14,39,62,133,29,49,453,42,17,52,45,3,13,10,13,219,145,283,34,22,752,16,117,581,45,4,107,15,94,69,439,284,25,15,37,140,40,37,80,46,42,390,340,11,37,36,49,1141,126,97,25
nh0100,1036,104,77,23,12,24,111,204,447,60,128,2164,24,55,69,31,68,1638,58,811,32,43,124,84,27,20,14,32,71,20,20,50,31,171,22,37,26,37,45,1508,365,198,25,237,535,28,602,335,77,38,48,79,113,12,41,388,53,20,76,37,1,49,40,28,297,147,399,92,10,1126,27,58,556,35,2,85,35,96,55,395,192,19,33,57,39,53,55,59,43,11,393,345,26,0,52,69,1451,93,214,37
nh0101,3112,51,41,48,80,116,98,528,970,68,136,5632,81,302,71,133,98,3758,471,2422,73,145,197,446,222,209,62,118,68,77,68,110,175,289,90,152,91,122,212,4276,1111,860,120,1021,1558,81,266,187,29,117,116,242,477,41,79,901,37,78,129,251,3,90,75,44,608,190,970,93,81,2798,143,178,2209,155,54,180,135,297,237,2234,1034,130,200,196,167,80,138,234,179,87,1225,1100,54,107,123,171,3568,180,133,284
nh0102,1633,40,52,70,54,91,138,229,596,56,114,2881,59,92,61,69,43,1803,151,1040,56,58,114,307,23,40,57,88,46,59,53,77,129,182,38,74,47,75,89,2363,606,726,62,433,493,45,400,153,40,71,31,78,279,70,125,956,55,58,116,61,11,73,54,201,269,146,570,117,113,2097,46,204,1130,53,58,237,41,169,82,753,297,79,47,130,69,42,44,105,73,8,420,313,29,361,72,54,2019,141,217,97
nh0103,10299,709,352,203,203,410,443,1388,3673,731,604,18585,221,753,347,400,221,13676,582,7003,299,328,710,1964,406,502,243,364,459,447,360,248,977,1105,297,383,508,840,763,12831,2741,3473,308,2006,3902,423,2435,1572,370,479,456,376,1522,366,397,3827,201,563,536,535,82,319,384,271,2142,1436,2819,578,474,14296,467,800,6339,472,310,784,259,1193,566,4501,1678,807,184,369,524,172,247,544,465,306,3206,2456,292,68,680,402,11295,531,1041,720
nh0104,825,74,46,13,33,22,20,238,247,128,80,1652,16,15,23,52,30,1307,49,635,65,61,153,174,92,60,4,52,39,70,26,39,56,120,25,48,18,49,61,1131,275,123,9,174,374,14,35,34,5,28,49,30,180,19,43,392,16,23,25,30,10,37,34,5,209,149,176,70,14,1184,32,59,713,51,8,91,25,118,57,503,188,51,22,77,21,37,36,48,35,8,396,338,42,0,24,51,930,41,35,42
nh0105,1449,5,7,32,50,79,68,291,627,21,69,3226,49,106,63,87,82,2178,15,1078,25,39,200,220,25,46,45,66,65,99,18,57,93,214,59,76,34,63,6,1670,598,282,44,405,837,42,150,101,22,53,7,101,244,53,132,543,24,51,112,42,23,45,63,86,233,187,300,55,51,1669,14,153,976,40,60,121,35,103,37,561,208,38,41,103,97,58,49,142,92,23,555,451,45,5,32,46,2190,171,74,52
nh0106,5869,378,294,178,249,336,204,617,1750,103,321,11871,171,312,112,205,118,10041,177,4906,278,153,691,853,209,328,293,401,216,427,187,320,576,815,295,275,278,190,71,6427,1374,1169,65,1521,1912,129,1093,572,152,305,16,451,896,200,374,2199,134,159,288,57,61,200,171,385,1206,602,1453,272,386,6499,198,374,3949,281,589,555,119,757,401,2162,801,253,130,353,236,155,174,391,254,105,1882,1570,141,864,140,97,6151,453,697,213
nh0107,9901,582,370,202,208,316,586,1086,3142,384,506,18168,171,658,352,604,274,13481,508,6721,282,424,1029,1285,273,307,138,521,458,518,265,254,612,1207,239,292,412,449,736,11952,3044,1998,392,1542,4922,235,1557,878,185,408,265,243,1391,221,276,2773,146,430,492,338,791,235,263,230,1903,1109,2754,290,386,11671,306,552,6906,434,110,543,170,816,733,3566,1575,497,171,206,728,71,215,445,383,345,3222,2466,298,0,633,252,9856,466,613,573
nh0108,10548,236,142,439,261,542,432,1287,4223,223,531,13646,194,868,251,399,321,10115,385,5531,158,221,420,1681,506,632,535,320,439,583,545,571,942,445,482,691,512,392,46,8400,2393,4057,759,3648,3473,292,4957,2461,681,358,192,1047,1486,308,476,4800,123,935,596,165,27,244,403,620,2726,893,3135,738,916,11455,221,1254,6657,297,935,1061,183,747,284,4168,1644,379,369,612,1339,342,331,691,683,555,2927,2031,366,1276,599,202,11631,1248,1582,339
nh0109,1868,76,129,24,74,95,146,238,575,28,149,3207,40,118,30,81,36,2338,153,1324,44,77,286,164,25,20,47,60,93,43,33,71,72,585,46,113,34,50,129,2589,551,741,46,420,650,31,112,54,7,60,42,74,398,67,79,863,60,30,96,33,4,52,44,36,317,288,580,118,32,2228,94,138,1344,112,201,160,79,133,62,997,357,76,50,86,79,84,66,183,110,23,496,418,37,29,60,31,1733,143,95,109
nh0110,1343,128,101,47,49,26,51,158,458,57,94,2686,10,48,88,63,74,1923,77,1076,29,129,115,111,54,72,11,63,64,58,26,38,51,150,27,54,52,44,47,1585,454,84,28,232,561,45,691,436,143,23,32,33,117,35,40,300,64,94,24,100,7,41,37,8,234,198,284,48,42,1186,24,109,557,29,8,67,33,113,110,474,255,36,25,82,98,22,44,67,33,50,548,503,43,68,27,55,1431,75,167,81
nh0111,4657,341,247,168,89,155,146,755,1620,148,288,8474,98,569,214,236,154,6960,97,2949,110,169,358,804,189,239,134,220,281,261,216,154,341,400,89,238,262,287,230,5926,1643,640,87,1035,2615,162,889,557,165,108,103,126,452,142,125,1568,172,306,184,127,191,88,97,148,622,463,1333,222,100,4153,85,298,3104,105,405,325,111,271,371,1712,860,224,59,140,257,107,108,251,233,138,1889,1342,123,362,158,116,4519,414,612,107
nh0112,1488,84,88,54,49,55,54,260,502,25,87,2737,50,56,49,61,46,2097,92,1075,49,44,220,386,92,92,49,64,29,64,35,106,94,227,44,46,54,32,45,1959,367,317,40,394,554,21,130,92,11,38,19,40,228,52,111,700,9,55,158,29,15,44,50,61,298,254,490,119,80,1830,83,90,1005,93,22,172,72,188,75,627,216,38,40,98,86,47,35,100,50,68,547,326,51,35,60,50,1744,114,97,89
nh0113,1563,130,103,43,41,53,61,212,602,150,113,2874,28,110,30,95,72,1908,178,1071,77,66,167,278,37,57,14,124,56,102,34,64,120,199,42,33,104,84,61,1847,444,442,39,272,571,67,339,281,76,77,49,50,272,43,83,669,60,36,63,126,83,40,46,67,305,276,395,97,76,1631,31,104,922,72,41,153,39,194,132,1006,388,70,65,156,196,33,53,70,57,102,636,488,33,1,65,79,1963,171,216,143
nh0114,1828,53,49,87,53,40,83,316,789,15,105,3490,47,146,35,72,53,2542,85,1404,29,119,204,353,41,61,85,43,81,35,65,49,121,115,38,101,54,105,13,2358,705,649,93,381,949,32,442,90,20,32,65,91,222,69,87,1007,48,64,155,103,6,64,59,7,211,173,612,100,37,1717,70,326,1431,58,20,200,59,205,139,413,223,97,31,80,179,39,23,190,69,26,828,700,56,343,97,64,1911,96,162,97
nh0115,4585,446,273,30,78,79,20,533,1778,122,194,8169,50,287,70,161,148,5410,108,2708,125,187,269,351,38,50,23,136,76,179,75,116,246,294,108,167,85,55,127,4225,1359,827,185,483,2953,107,347,333,121,178,53,99,549,75,154,1277,112,230,198,140,132,81,121,89,702,385,1197,97,168,4574,72,114,2358,117,107,322,87,422,221,2123,1174,59,127,364,311,52,111,105,244,332,951,674,137,0,105,99,4485,258,143,172
nh0116,590,53,39,11,20,28,23,64,217,8,50,1192,25,64,8,28,29,819,29,410,21,26,47,107,14,30,21,23,18,38,14,16,47,43,28,27,39,20,70,612,178,100,6,168,244,12,159,92,15,39,6,28,81,32,21,294,31,26,31,19,124,15,21,32,96,90,205,26,49,801,28,48,351,48,62,62,20,52,24,258,75,28,22,70,15,17,23,47,28,12,170,85,14,0,29,14,479,37,57,33
nh0117,1643,129,107,44,45,112,76,255,759,75,113,2963,40,220,30,44,51,2239,112,1170,66,57,141,358,36,45,48,71,60,54,69,80,151,135,56,63,116,78,66,1778,441,503,40,289,657,52,516,414,67,85,54,84,265,70,91,858,64,145,81,92,197,42,68,81,299,304,582,78,135,2323,62,179,926,70,127,198,44,175,77,794,296,59,47,187,244,44,59,94,87,150,620,437,36,0,58,98,1801,119,211,107
nh0118,4813,99,131,189,184,311,300,749,2143,81,320,11533,229,389,147,304,124,7773,368,3984,142,235,454,984,133,163,253,207,205,199,218,197,452,602,172,260,155,189,177,7789,1790,1731,123,1415,2294,186,1258,408,88,226,188,269,1019,170,543,3065,125,142,802,149,14,188,181,185,1122,405,2202,394,289,5971,175,595,3536,197,209,658,140,474,190,1903,701,210,110,231,601,188,219,246,161,191,1327,1037,142,4,182,123,5407,388,552,331
nh0119,1063,60,80,23,29,64,70,430,456,23,134,2166,17,44,57,61,31,1031,140,933,17,44,111,164,14,17,26,34,76,36,49,38,67,147,30,29,21,24,16,1318,460,335,39,290,559,46,170,40,10,25,26,115,167,15,69,594,29,19,101,96,0,25,28,10,187,111,342,91,15,1422,59,92,639,62,13,151,48,97,90,333,181,81,14,61,98,56,22,70,36,11,390,286,25,23,83,25,1307,142,142,76
nh0120,7117,55,46,154,252,421,527,1091,2883,321,517,12041,252,1229,250,396,243,8687,229,4712,233,222,591,1631,200,276,194,677,384,538,219,281,556,794,288,248,423,382,297,8000,2351,1745,219,1875,2877,262,1979,1054,258,206,242,656,1136,298,485,2803,221,323,487,326,310,242,204,351,1204,1172,1630,441,495,8281,178,608,4825,238,267,717,189,526,236,2483,978,257,158,384,594,314,219,582,335,201,2970,2603,210,1,210,288,10095,701,977,242
nh0121,1277,34,41,44,61,62,70,121,398,31,101,1902,24,22,44,67,42,1306,62,790,46,45,89,114,12,26,56,26,35,37,26,72,53,148,48,78,23,34,12,1369,447,689,78,563,739,25,235,43,6,47,30,50,169,59,111,576,29,19,83,36,1,48,46,4,238,131,438,85,41,1457,47,93,904,46,23,118,55,102,57,469,217,34,34,84,162,27,33,80,36,24,292,198,34,56,43,16,1235,85,129,86
nh0122,3039,194,141,178,74,185,99,588,1272,71,213,5751,90,459,131,195,96,4033,101,1898,138,154,313,469,158,173,74,127,89,244,76,119,164,259,92,165,103,230,112,3524,1086,693,84,639,1678,152,884,366,98,155,97,77,460,122,144,1294,141,207,194,103,631,68,132,43,590,492,1266,167,91,3501,68,404,2149,118,268,427,76,261,286,950,478,168,96,182,185,102,134,223,194,73,1398,960,111,0,122,77,3697,262,376,140
nh0123,1535,88,82,43,31,49,87,347,691,33,121,3442,40,62,47,98,41,2198,67,1299,37,110,119,273,80,81,37,66,69,35,54,38,91,115,45,105,54,59,44,2291,655,314,24,289,727,52,779,419,158,40,62,69,214,36,33,659,37,93,115,82,12,35,38,10,308,184,486,39,77,1695,18,180,693,40,40,166,42,108,115,747,379,74,24,78,180,71,55,84,69,83,753,630,65,1,31,50,1666,83,211,46
nh0124,2044,154,128,36,47,80,58,300,769,104,109,4213,49,91,50,79,96,2821,152,1384,89,99,192,233,41,57,50,95,34,50,37,90,117,178,72,111,79,65,143,2664,548,655,45,498,625,55,427,279,56,134,44,59,353,80,98,792,66,83,78,79,328,56,46,100,408,211,700,45,104,2654,94,106,1203,100,58,199,66,271,90,1187,369,110,91,192,79,39,80,137,61,30,513,313,30,0,77,78,1509,174,105,142
nh0125,4507,203,181,239,117,187,373,685,1212,91,234,6383,113,671,104,330,202,4606,171,2598,170,226,506,740,145,147,161,194,308,152,206,114,326,591,166,241,146,246,81,4698,1160,1085,158,880,1855,105,1101,567,63,158,201,363,618,231,304,1934,177,268,284,109,10,93,165,222,770,874,1249,354,213,4365,79,583,2825,143,269,393,163,446,209,1268,511,283,145,304,367,130,134,339,212,140,1559,1289,164,1020,231,102,5162,550,552,211
nh0126,649,7,7,12,14,30,32,166,171,21,40,1638,18,63,20,32,35,1009,16,512,20,20,66,178,59,66,12,40,9,57,31,35,56,81,27,16,16,29,21,996,220,156,36,159,460,7,116,136,31,28,16,10,41,15,50,366,6,59,88,10,14,15,27,18,155,115,175,65,33,943,11,21,330,36,3,83,13,69,32,286,156,2,28,12,50,8,24,65,51,48,179,168,38,0,9,34,906,28,67,28
nh0127,2053,88,50,92,110,102,92,328,815,23,121,4012,72,79,46,87,74,3056,96,1277,43,71,181,372,27,50,63,103,70,73,124,59,179,93,93,77,125,73,42,2742,722,728,102,585,899,67,475,222,50,47,33,162,427,80,188,1383,45,102,173,55,34,72,75,26,400,239,528,200,108,2102,64,357,1385,78,114,353,64,210,95,719,331,101,60,211,258,45,50,101,125,86,506,317,42,444,72,35,3068,204,222,152
nh0128,2787,154,129,69,225,112,50,540,920,80,202,4442,126,140,23,109,102,3302,107,1542,208,129,328,464,27,49,133,124,161,137,76,83,160,473,103,193,156,51,169,2853,774,735,77,827,1007,77,613,379,61,119,66,203,465,67,54,1167,73,133,131,144,3,83,102,74,604,550,889,177,203,4000,73,255,1753,160,88,397,71,292,232,1176,432,82,150,219,454,53,138,242,107,188,878,785,76,0,76,73,2385,357,281,144
nh0129,901,19,21,42,18,48,28,129,243,4,57,1190,28,130,12,31,11,826,17,457,20,20,62,252,30,37,86,42,35,31,48,24,67,127,42,28,36,27,22,683,277,173,28,265,261,17,204,76,15,26,48,76,109,41,29,465,24,68,22,11,0,30,32,5,152,142,227,80,54,862,14,169,490,24,123,78,9,44,20,230,91,73,21,45,86,22,22,63,28,13,216,169,20,203,76,13,805,140,145,41
nh0130,1777,114,124,39,38,107,110,291,807,62,129,4209,37,99,80,121,97,2777,134,1627,69,121,175,322,88,52,31,67,70,56,63,49,142,284,61,165,65,60,81,2546,722,424,50,376,817,42,251,125,24,79,80,310,345,39,109,556,69,91,256,38,17,134,96,17,330,122,670,50,57,1482,16,175,1334,87,27,130,88,168,118,599,323,67,112,97,168,40,55,150,79,40,830,699,61,109,51,68,3274,145,108,123
nh0131,1048,63,54,38,25,67,75,231,372,3,64,1991,41,112,20,78,29,1190,43,642,17,49,156,242,46,33,74,45,59,37,40,40,66,223,64,54,31,46,17,1234,516,218,40,323,440,21,132,54,28,31,62,102,161,65,48,509,12,47,56,30,1,54,26,6,222,161,298,119,60,1136,52,196,756,49,51,73,20,78,65,311,134,87,25,66,62,57,20,106,45,4,375,353,31,244,53,21,1156,133,124,40
nh0132,1670,125,119,37,64,106,140,267,670,113,139,3486,50,263,50,89,61,2292,165,1323,35,64,204,353,116,127,22,104,108,76,59,67,164,251,131,112,68,49,193,2243,582,399,89,418,645,55,287,220,36,47,31,144,394,68,108,694,63,103,111,71,68,42,37,36,427,232,526,212,129,2676,84,127,942,83,15,191,50,163,84,823,295,55,39,231,102,72,38,133,110,39,606,514,46,96,101,68,1961,122,104,131
nh0133,901,54,46,47,18,21,53,113,372,17,51,1762,24,52,12,32,14,1473,60,735,19,25,126,152,24,41,42,18,43,14,43,37,63,119,22,42,31,29,20,1270,378,250,21,296,518,28,275,46,3,13,25,77,101,74,36,560,20,17,57,43,4,41,24,32,135,167,238,73,63,895,9,222,838,21,57,109,14,76,54,321,152,69,10,29,84,40,8,58,37,19,433,341,48,219,64,10,1250,109,70,46
nh0134,528,71,97,5,35,23,14,291,294,78,62,1520,23,11,1,15,14,1528,69,875,20,34,91,304,66,54,19,10,15,16,21,11,46,54,28,21,42,23,14,1737,522,71,14,198,446,2,135,123,43,32,64,1,177,46,5,359,18,41,139,36,38,27,16,0,193,111,352,26,7,860,7,67,695,69,3,63,25,56,85,222,196,24,50,34,9,6,16,67,55,1,233,239,36,21,10,155,1029,51,112,32
nh0135,916,48,47,15,27,73,42,150,411,45,79,2044,35,74,18,30,39,1323,153,825,24,41,207,256,42,46,70,39,70,41,26,45,57,171,28,26,35,51,41,1499,240,280,6,468,403,39,224,85,18,21,44,67,150,41,71,606,33,49,62,46,1,26,25,7,228,124,301,34,9,1418,31,80,775,84,14,100,57,145,99,605,200,24,27,83,160,54,37,80,39,39,534,414,18,16,35,33,956,46,112,120
nh0136,620,39,32,10,26,33,43,126,292,26,56,1343,10,44,22,25,30,768,79,487,19,54,107,88,18,30,17,14,18,6,17,39,35,111,24,43,13,4,12,883,199,188,13,191,299,11,132,17,9,21,14,35,155,17,35,283,16,15,31,41,1,23,16,6,115,80,204,20,36,683,16,88,588,21,6,77,36,59,60,361,152,19,11,59,104,21,5,60,21,21,312,246,14,31,14,43,810,96,25,48
nh0137,2835,76,35,107,48,129,103,310,665,51,56,5421,69,145,130,128,92,4133,270,2078,32,125,229,770,84,91,88,172,87,227,114,88,243,249,55,78,141,137,40,3391,692,763,93,848,905,72,590,273,50,128,126,163,358,86,291,1622,58,196,386,74,11,93,154,26,303,406,1175,245,92,3070,109,247,1564,257,45,482,85,173,138,1040,396,144,91,129,155,55,84,205,155,38,1100,727,108,14,101,160,4052,156,444,244
nh0138,1724,71,66,47,48,114,99,279,484,25,122,3039,88,180,20,93,66,1623,25,1078,57,66,179,590,84,93,124,130,91,112,93,74,183,213,81,103,105,93,11,1493,469,401,26,618,567,24,451,249,46,60,115,183,348,74,100,958,34,88,76,27,70,72,57,31,343,284,547,150,123,2133,84,281,1051,101,180,173,66,94,65,497,196,203,47,93,130,79,56,190,96,41,622,646,91,676,67,37,1645,228,259,59
nh0139,1806,43,23,56,97,95,76,236,638,38,72,2651,40,123,63,60,59,2184,50,988,26,62,167,232,44,75,54,35,70,94,62,114,52,118,71,73,30,28,94,1689,399,421,84,582,698,34,225,128,33,52,14,126,238,73,83,608,17,46,136,28,10,38,58,101,472,273,569,155,100,1896,60,151,1217,59,107,163,56,170,70,730,265,44,61,110,139,68,51,101,66,38,399,305,55,147,60,29,1516,151,70,78
nh0140,2608,156,194,22,59,100,104,358,938,270,239,4228,63,204,25,111,134,2322,398,1776,110,51,324,499,79,70,40,131,106,92,55,76,210,368,98,83,133,100,60,3274,599,758,40,400,616,53,631,389,70,108,159,132,489,88,146,1368,79,138,122,123,15,72,63,57,522,401,629,119,99,3094,79,237,1552,173,15,274,121,347,101,1730,512,133,82,332,214,72,74,175,88,131,851,748,47,1,89,147,2866,181,249,228
nh0141,4221,186,187,141,117,200,141,579,1122,48,218,6381,122,642,90,247,138,4618,73,2446,142,156,423,963,144,183,239,225,264,210,238,193,364,618,190,212,223,157,62,3959,1139,842,123,1433,1652,43,993,483,109,106,185,251,680,194,230,2111,137,286,156,69,13,136,149,131,777,654,1197,395,434,4775,195,685,2687,204,288,446,101,223,195,1205,513,284,100,221,216,148,166,386,237,60,1294,1274,268,929,219,140,4072,519,640,123
nh0142,5056,163,143,130,115,424,284,593,1515,129,237,9355,158,609,94,300,96,6347,389,3156,208,206,278,971,187,142,204,310,83,296,151,127,374,369,211,197,172,204,107,5882,1227,1091,173,1165,1840,117,1371,677,185,245,170,155,619,218,177,2051,130,441,180,115,1351,160,154,105,726,843,1624,304,328,4951,172,707,2638,240,254,573,77,362,268,1771,805,446,86,341,201,51,135,228,220,134,1213,1073,251,0,208,139,4314,279,488,313
nh0143,4337,185,149,170,175,310,167,548,1459,260,312,8774,148,358,113,194,104,6083,361,3093,247,156,207,1053,187,216,187,183,50,196,100,116,354,285,213,140,178,253,579,5532,1347,953,156,1230,1762,109,1346,920,222,203,155,148,587,206,142,2077,104,428,228,209,1364,156,89,220,699,748,1451,215,181,4041,139,732,2328,280,97,476,99,421,309,1841,882,552,129,381,355,38,145,237,163,253,1130,931,134,0,151,193,4299,182,538,414
nh0144,2076,56,87,81,63,127,60,320,678,29,130,3641,76,222,42,103,87,2551,34,1327,42,75,197,573,81,86,123,140,132,114,136,67,192,274,118,96,140,87,64,2333,663,409,45,600,833,47,511,306,75,67,78,163,426,96,166,1123,73,100,100,41,31,59,68,16,415,350,605,198,158,2224,90,278,1389,125,142,220,65,182,96,589,263,137,53,110,80,73,47,195,119,25,673,682,74,568,81,48,2291,289,320,63
nh0145,832,80,112,22,40,57,8,309,490,53,118,2195,28,14,1,45,21,1890,114,1105,36,70,208,325,51,64,38,20,27,14,34,11,51,96,30,51,30,56,42,2027,700,150,34,365,769,13,140,63,22,45,75,12,277,33,7,515,15,108,230,34,33,24,37,0,306,166,579,53,20,1267,20,133,996,90,6,102,38,106,86,452,335,26,72,62,6,23,36,77,63,1,280,330,58,47,27,137,1635,81,111,90
nh0146,644,12,14,38,53,18,47,108,189,35,42,988,28,25,6,13,18,565,70,441,42,17,114,150,40,20,34,45,41,21,22,28,61,103,25,26,57,21,63,668,148,122,8,166,169,12,450,241,54,6,33,34,77,29,32,358,14,67,32,15,0,17,11,8,161,162,198,75,26,826,13,75,298,30,21,50,13,44,20,196,80,14,25,34,21,32,16,62,26,5,170,213,15,224,35,33,681,47,196,25
nh0147,2419,79,89,39,61,86,134,258,907,37,212,3605,23,130,121,159,83,3630,53,1313,71,62,195,217,56,50,32,59,110,111,35,181,42,166,40,123,31,53,64,2701,756,979,59,282,1046,56,154,134,17,60,27,109,326,37,132,717,69,28,291,42,13,67,94,43,504,247,693,79,53,1753,83,114,1593,76,20,150,57,286,57,1034,321,76,71,87,67,44,117,125,110,36,694,408,62,4,37,38,3089,219,83,44
nh0148,2318,106,58,95,103,82,71,408,876,17,105,4095,75,111,43,119,74,3620,68,1481,44,85,234,352,41,64,63,105,107,85,110,82,183,220,93,74,95,75,58,2905,635,810,151,573,1049,72,343,124,35,85,35,189,401,92,182,1184,61,86,158,63,7,61,63,43,359,278,524,238,118,2640,67,320,1419,95,151,355,71,230,133,712,298,97,61,248,177,76,51,134,153,23,569,318,42,408,93,45,2987,218,197,180
nh0149,5865,250,247,240,201,336,117,1006,2192,130,499,9628,258,492,183,273,148,5558,318,3919,292,300,591,994,144,205,198,362,360,314,174,282,364,793,317,281,265,140,210,5121,1901,1366,289,1612,3073,178,1596,688,205,353,143,348,1304,152,414,2255,166,303,381,150,823,183,171,69,1427,640,1721,381,399,8655,145,395,3809,328,164,666,223,370,257,1702,1056,235,261,286,549,185,141,455,454,245,1415,1274,171,0,179,125,5208,569,679,274
nh0150,921,50,39,22,47,45,38,131,329,71,63,2136,24,50,52,43,36,1331,90,716,24,48,82,184,23,26,11,59,19,47,43,29,82,97,20,66,35,50,71,1441,311,269,24,170,423,21,223,222,38,33,84,57,222,44,62,453,14,84,42,73,4,22,26,29,192,148,360,96,50,1102,17,92,658,66,12,97,83,134,53,719,291,64,40,109,85,20,25,100,49,84,257,229,21,23,44,60,1354,70,94,70
nh0151,917,76,84,7,63,15,56,242,403,54,141,2003,20,53,24,18,50,1386,184,783,50,69,108,123,61,37,20,39,62,19,45,24,74,162,31,47,46,13,8,1447,492,112,9,253,465,41,618,390,210,20,16,47,149,13,17,412,95,68,30,111,9,20,20,26,222,95,345,25,28,1311,37,87,443,52,36,112,24,55,111,274,204,45,23,59,205,18,43,46,22,107,246,256,23,129,43,30,1364,142,212,55
nh0152,5480,153,125,202,165,256,104,994,2136,20,440,9321,199,492,160,273,120,7027,109,4033,197,239,581,943,120,146,166,164,325,156,229,449,440,865,270,270,143,118,63,5586,2136,899,340,1453,3772,102,635,271,89,284,37,492,857,145,314,2089,100,479,428,47,31,138,165,28,1378,764,1634,485,273,8099,158,391,4671,255,253,444,154,476,248,1219,936,197,253,256,203,188,132,368,528,59,1348,1120,164,300,119,61,5483,786,359,198
nh0153,3706,68,50,78,70,56,72,542,1274,123,147,5921,34,68,94,69,68,3933,89,2112,108,94,61,185,77,82,23,74,17,54,18,28,361,162,26,113,234,95,120,3858,893,528,32,605,1229,89,1674,1176,310,49,94,44,262,51,123,901,67,182,191,124,23,71,64,125,648,173,655,93,154,3639,89,153,1427,45,33,223,101,253,135,1551,574,75,65,297,452,12,79,100,62,265,768,627,30,122,49,65,2070,212,232,131
nh0154,858,54,55,19,31,20,13,156,320,59,70,1338,22,67,33,25,26,975,101,553,62,37,71,157,24,33,16,49,35,52,16,13,68,103,29,44,58,40,96,1025,213,317,12,155,274,38,286,189,46,79,44,22,99,19,24,331,36,36,40,79,112,29,26,88,154,106,203,60,18,1277,30,50,525,35,2,92,45,77,60,435,203,38,33,90,71,9,58,47,44,38,324,257,17,0,38,49,1042,64,106,71
nh0155,1883,16,12,27,69,57,73,337,722,29,211,3492,33,76,89,75,86,2606,99,1356,20,95,243,198,113,121,22,87,62,81,16,78,69,309,63,129,31,76,36,2292,748,667,95,495,1069,39,88,33,7,52,61,60,283,42,81,626,60,28,236,58,4,39,62,27,457,185,451,145,50,2360,81,69,1378,84,17,191,52,124,98,706,332,63,49,68,54,55,57,108,100,15,543,482,60,2,42,78,1914,101,58,200
nh0156,3301,69,48,129,77,168,209,468,1305,195,292,4977,119,158,115,145,161,2916,204,2371,132,126,260,856,171,176,148,231,215,197,165,102,486,360,157,136,446,151,92,3069,1024,739,78,875,1123,98,2703,1243,421,124,105,241,699,148,166,1690,102,325,160,195,11,141,103,85,737,531,913,238,249,4530,82,500,1796,222,44,331,143,353,144,814,424,138,127,234,392,64,152,318,190,106,1255,1189,103,0,187,131,2814,339,815,188
nh0157,480,27,35,16,23,24,17,136,163,48,42,1330,16,16,8,30,26,786,58,554,13,34,46,137,41,36,17,38,33,31,28,11,78,71,28,19,35,17,11,743,181,61,5,131,249,12,272,251,54,11,36,29,73,17,28,250,30,44,41,39,6,14,13,14,117,79,165,43,11,631,17,62,294,25,9,77,9,49,66,179,112,6,13,32,37,19,21,48,23,20,274,271,19,20,22,53,562,35,139,19
nh0158,3248,133,164,91,83,172,101,427,1249,131,192,5950,66,172,160,141,78,4521,112,2233,53,127,281,485,68,83,66,144,125,128,107,129,167,336,110,104,75,83,104,3740,1161,560,272,784,1906,75,413,280,83,125,44,242,488,74,112,1249,106,226,116,110,32,93,89,78,554,365,1044,136,108,3504,52,191,2028,129,72,318,90,335,264,1365,706,101,57,189,113,83,122,129,144,40,1119,820,52,360,135,127,2998,194,206,131
nh0159,5443,322,315,145,59,172,217,795,1719,162,268,11331,94,568,241,229,125,9245,79,3894,134,262,421,1143,267,435,157,249,356,256,305,154,467,477,103,280,270,286,212,7362,2027,756,103,1063,3043,119,1041,511,139,110,98,178,578,196,137,1906,180,279,125,80,285,93,85,71,747,475,1323,300,123,4763,114,277,3737,154,339,297,132,303,525,1811,1010,194,54,255,226,134,79,362,146,95,1942,1653,126,578,125,92,5355,544,550,96
nh0160,3601,221,178,99,91,139,112,513,1780,14,259,6268,72,388,164,103,101,5075,153,2315,79,123,178,574,213,252,109,140,101,94,140,134,318,287,144,180,150,135,53,4249,1057,1071,153,1214,1694,64,631,299,57,122,114,91,423,124,167,1556,122,156,357,55,50,115,124,127,484,434,1180,245,203,4463,204,395,2373,128,441,566,75,261,127,1145,487,126,104,180,254,50,58,188,126,69,886,565,99,415,119,79,4145,322,342,222
nh0161,648,3,5,16,23,28,14,112,250,5,29,1179,25,44,12,17,12,939,10,428,13,19,40,151,19,20,24,41,28,40,36,19,132,53,36,29,24,10,1,625,221,134,41,266,407,7,122,39,6,44,0,40,57,18,56,281,13,106,56,2,0,10,22,1,169,97,198,82,27,1006,8,38,403,21,45,81,13,50,32,114,50,11,24,18,56,10,23,83,79,15,142,88,12,92,21,3,955,60,41,31
nh0162,587,41,20,16,18,28,52,114,253,16,49,889,28,25,14,28,48,551,27,383,17,17,68,152,16,22,22,35,50,28,22,40,35,79,50,47,24,35,10,545,178,130,19,203,201,25,97,34,6,13,14,56,108,27,30,323,14,28,44,19,1,17,22,0,151,92,166,32,56,777,10,73,447,32,19,43,13,41,20,215,88,36,19,53,52,29,15,56,31,13,237,184,12,68,21,15,455,87,48,24
nh0163,1922,135,147,30,62,96,121,287,685,10,176,3691,43,111,35,74,82,2889,142,1736,41,83,299,138,26,34,60,50,87,47,21,100,88,581,68,109,41,60,104,3016,568,956,56,554,714,19,219,56,12,68,44,95,392,97,83,914,62,33,125,24,0,60,65,21,352,317,751,82,39,2378,55,168,1471,107,85,198,77,198,87,1113,359,74,40,140,88,86,77,215,112,18,632,406,60,98,96,53,1911,152,78,135
nh0164,1709,7,10,49,30,38,56,371,921,59,125,4200,41,45,67,136,89,2885,100,1650,64,85,201,191,92,104,13,103,129,81,33,67,73,224,39,130,52,41,85,2725,716,504,30,197,852,99,272,165,20,44,33,73,286,53,69,675,62,35,205,61,2,49,47,35,430,291,596,17,29,1706,38,97,1222,64,33,95,54,217,92,1109,411,21,60,86,69,79,58,117,79,28,830,653,24,27,51,95,2439,152,48,116
nh0165,1725,32,20,66,54,80,70,306,629,11,115,3660,43,72,32,48,47,2220,34,1169,20,44,98,349,35,62,56,61,51,67,59,63,168,131,75,53,47,58,11,1797,587,449,75,311,944,32,592,279,74,33,33,72,261,81,143,722,17,118,201,43,26,30,55,31,332,199,441,72,119,2484,81,163,1068,71,72,188,34,150,60,403,176,42,35,134,39,30,40,139,82,13,597,344,28,194,51,45,2145,139,124,79
nh0166,3247,112,114,62,87,83,153,468,1374,69,130,5674,47,83,61,132,93,4422,161,2188,52,114,382,268,72,86,13,95,70,52,61,147,86,387,84,138,73,42,67,4095,1140,988,170,625,1586,92,349,188,47,120,39,82,406,96,120,1054,63,80,148,115,7,67,83,88,598,118,1144,36,65,2482,49,119,2413,108,21,220,55,316,154,1214,575,102,75,115,163,69,111,176,93,63,1022,860,83,237,64,84,4289,179,117,167
nh0167,2509,272,187,65,197,251,87,369,1200,78,202,4738,86,268,54,84,69,3010,192,2053,140,108,245,423,85,121,69,140,86,112,40,83,179,441,141,100,121,103,21,2806,704,1105,74,1108,853,60,633,335,69,162,44,167,507,71,163,1080,50,54,110,64,213,105,122,59,682,340,981,158,186,4015,114,146,1827,136,26,336,147,287,140,1229,459,96,204,232,114,61,92,263,138,51,600,481,68,11,61,85,2591,267,137,214
nh0168,836,74,67,11,19,32,29,96,341,24,47,1455,17,57,19,31,38,1076,53,559,39,33,77,107,9,19,12,54,17,34,32,17,71,58,23,38,35,11,42,985,191,163,15,190,291,17,158,114,17,40,24,34,72,32,29,341,12,56,28,25,182,16,12,30,148,91,266,19,33,1079,16,34,488,29,35,73,19,92,27,471,134,25,17,92,40,3,29,49,33,18,154,132,21,0,19,31,782,54,39,24
nh0169,963,29,44,39,34,59,79,171,412,27,58,2193,44,62,37,61,21,1355,104,828,37,52,88,148,20,28,50,43,35,24,27,60,97,144,29,55,43,32,56,1492,336,301,20,275,417,28,250,130,29,50,33,37,161,41,92,580,44,28,134,36,29,43,39,43,219,70,397,62,69,1304,31,73,708,35,25,168,29,114,53,439,121,39,26,79,217,35,65,84,39,91,228,199,24,2,47,31,1125,104,80,51
nh0170,1264,94,64,44,26,36,49,203,465,23,82,2513,35,57,30,51,31,1688,105,917,43,46,227,220,66,101,60,29,44,35,32,62,59,258,35,67,25,91,10,1686,337,251,15,326,534,18,102,55,10,39,53,46,232,51,115,607,29,25,129,34,14,30,35,17,249,214,413,129,33,1410,58,121,904,113,37,140,57,141,74,633,185,61,45,70,51,27,28,86,48,36,420,275,35,56,48,44,1510,123,87,76
nh0171,1550,190,180,25,114,75,59,475,884,155,180,2532,76,138,7,104,48,1767,274,1261,88,86,229,350,86,56,126,47,103,28,56,61,118,174,72,97,86,24,9,2246,586,381,14,743,656,70,1052,826,218,75,59,66,313,95,65,797,79,207,102,194,20,56,37,47,428,330,589,146,63,2108,37,288,1094,85,14,186,103,187,207,632,473,116,138,128,323,45,52,147,79,96,477,507,34,184,90,113,2514,182,497,63
nh0172,938,34,37,30,43,67,80,132,447,35,78,2439,28,22,55,49,41,1369,82,787,26,52,102,219,23,30,14,53,15,51,43,12,59,102,23,49,32,15,35,1554,447,226,33,218,446,21,237,184,55,10,61,98,245,41,65,401,15,59,65,54,4,26,22,18,227,148,385,87,40,1165,19,105,699,61,30,124,93,116,65,765,363,62,32,109,124,21,25,163,80,48,283,203,20,5,45,59,1706,117,94,38
nh0173,1757,50,61,15,44,58,65,358,565,45,100,4670,28,43,60,123,84,2656,51,1901,45,60,138,143,18,31,18,12,30,11,25,35,58,202,42,121,44,23,80,2469,829,138,14,338,893,37,410,317,67,33,36,16,150,22,70,475,66,233,107,208,9,27,29,0,480,140,670,57,70,1769,63,85,801,81,13,108,56,171,126,889,397,25,11,50,46,29,55,43,48,28,775,641,18,90,86,214,2510,59,213,85
nh0174,1097,40,49,17,46,48,59,209,525,21,119,2067,41,70,9,52,47,1471,88,805,32,45,157,144,16,31,39,27,66,27,21,37,43,168,36,86,40,43,16,1426,324,263,11,283,486,39,751,272,85,34,20,77,211,57,81,589,30,64,80,68,2,38,37,8,270,182,394,89,56,1325,24,117,500,73,48,105,27,139,97,308,114,48,27,55,92,46,27,109,46,8,375,202,29,126,54,15,1559,96,339,56
nh0175,1528,53,46,30,43,46,81,262,661,43,146,2254,80,163,9,66,63,1487,125,884,46,53,175,175,17,50,75,33,92,39,42,55,62,210,62,83,54,46,45,1736,314,419,14,393,407,49,1196,453,128,51,14,90,242,69,105,795,67,59,100,56,2,61,51,6,402,303,421,152,74,1715,50,151,751,44,56,142,45,155,93,300,113,82,49,63,125,83,33,125,50,16,447,288,18,268,62,27,1789,193,550,99
nh0176,1329,33,25,64,26,40,17,174,420,23,73,2975,31,68,96,124,67,2316,58,1136,31,78,154,241,39,76,24,71,74,76,33,59,120,222,46,85,77,54,31,1796,445,277,49,193,854,30,233,163,37,54,15,102,180,27,63,567,30,34,81,26,3,39,38,5,254,119,367,63,42,1591,45,93,888,49,37,120,48,131,116,572,260,36,41,55,60,44,30,53,79,12,488,342,43,9,30,34,1575,86,72,49
nh0177,1155,47,22,18,38,42,64,194,381,26,76,2063,28,73,32,44,56,1033,53,693,33,32,54,158,44,57,37,31,25,39,16,18,65,114,51,48,34,34,11,974,252,289,38,295,429,27,101,60,8,43,20,28,125,27,61,359,20,35,117,25,2,45,46,10,227,85,336,66,51,1196,41,55,707,40,23,83,19,102,49,483,247,25,48,45,54,31,59,73,39,17,503,358,33,77,34,17,819,62,50,66
nh0178,505,40,34,17,12,10,17,70,189,37,43,933,10,23,20,18,25,652,26,423,14,43,50,29,30,40,3,17,21,18,9,15,20,75,8,15,11,33,13,575,197,33,6,88,238,27,190,228,50,8,14,9,40,7,10,84,41,45,18,25,22,10,22,23,58,53,97,15,9,456,16,28,229,8,6,36,14,33,46,207,90,10,6,23,23,10,28,24,14,15,202,158,16,10,14,23,620,21,69,36
nh0179,1291,31,31,23,33,37,101,269,699,25,74,2396,33,15,104,48,56,2141,101,1016,12,48,107,185,9,13,30,65,112,45,39,33,56,149,56,100,33,26,44,1862,443,230,25,312,578,48,427,209,40,19,25,47,201,59,70,542,50,93,74,39,19,81,27,9,278,127,500,60,65,1573,34,67,830,57,52,117,39,205,31,375,189,10,34,85,129,45,31,118,73,36,566,472,27,47,47,43,1800,103,236,55
nh0180,3280,169,104,57,40,83,93,441,1122,97,242,5577,109,268,78,183,92,4504,96,2176,248,183,285,393,124,175,80,227,86,193,45,55,264,550,109,126,198,140,236,3667,642,780,51,574,1098,171,845,438,94,100,78,98,299,66,77,1242,85,141,135,139,499,82,83,80,808,512,773,194,60,4098,85,266,2011,102,139,299,50,298,250,1129,457,128,56,133,278,93,122,171,134,107,1373,960,82,0,82,77,2659,216,253,146
nh0181,4380,211,145,75,49,83,72,485,1558,67,238,7636,39,278,93,152,191,5531,73,2748,231,238,343,343,86,115,57,300,131,283,38,92,249,553,142,162,165,82,169,4395,1089,1009,195,512,2990,106,566,351,107,161,69,174,418,42,43,1302,84,187,125,223,354,63,59,134,997,555,854,198,65,4901,91,218,2561,108,170,291,102,255,396,1548,1167,115,88,187,297,78,116,190,285,169,1273,1037,95,0,91,74,3621,287,294,135
nh0182,3873,218,203,77,49,133,262,401,1336,109,296,6689,107,170,111,145,180,4655,286,3183,204,141,515,380,119,163,79,309,169,236,29,125,228,866,186,156,173,250,124,4618,910,690,37,749,1038,159,2452,1421,320,214,135,191,438,119,174,1921,110,185,312,162,731,134,125,241,1067,682,1023,289,34,5948,168,253,1870,193,91,423,100,405,264,1100,408,80,129,139,125,113,151,274,132,57,1398,1135,72,0,120,105,2811,254,917,239
nh0183,5541,289,334,105,170,297,235,953,1967,127,327,10675,176,256,57,243,130,5639,262,3522,85,147,530,1041,268,328,225,261,306,236,243,101,574,791,298,166,226,195,118,6590,1416,1282,156,1547,1868,56,1125,550,208,154,225,369,1091,174,417,2714,191,266,525,62,9,143,125,118,1314,1022,1426,390,268,7485,161,195,3746,203,37,647,74,458,143,2586,1110,121,153,445,42,174,178,268,139,14,1524,1692,231,0,113,151,6074,399,403,172
nh0184,2580,95,96,60,63,109,49,298,686,23,168,4286,51,150,73,100,87,3727,15,1541,77,110,129,265,41,41,20,88,84,81,56,125,148,374,85,65,52,38,45,2835,698,582,62,361,1278,37,240,147,27,160,15,87,251,31,72,669,43,135,206,10,65,73,67,57,621,165,708,97,116,2529,63,93,1311,70,45,224,25,165,152,871,255,50,55,132,62,33,112,77,53,36,689,501,61,0,80,35,2295,103,195,113
nh0185,718,66,44,37,14,52,23,165,208,11,90,1982,28,53,27,54,28,1524,30,808,13,45,66,335,30,42,34,65,17,92,24,11,108,84,27,31,69,27,18,1209,407,111,17,264,603,20,235,134,25,46,1,55,181,39,32,517,25,83,72,8,122,30,35,2,134,237,228,72,38,1093,18,143,564,40,74,113,27,57,53,254,153,64,53,48,3,11,17,56,66,2,424,325,52,0,10,57,918,56,57,27
nh0186,500,27,12,25,25,26,44,112,151,11,47,902,19,44,5,34,6,700,17,453,30,7,92,208,20,30,35,28,24,60,29,19,102,59,24,20,37,16,26,611,146,185,10,246,244,17,288,83,19,32,20,57,114,35,40,384,5,62,53,21,0,17,22,0,94,139,136,75,25,758,11,91,271,19,27,87,14,46,24,113,50,34,26,35,42,22,21,28,19,17,289,215,25,156,29,11,655,49,84,39
nh0187,552,19,7,15,22,23,19,105,183,17,79,963,13,53,14,18,25,735,34,463,29,14,54,167,11,16,29,25,33,16,26,21,63,58,16,27,64,15,8,637,161,112,20,230,233,13,284,159,31,24,13,18,80,31,30,296,30,81,44,20,0,19,22,25,106,127,161,50,11,634,7,81,329,14,38,85,17,33,29,167,77,25,28,39,77,22,24,45,30,45,276,193,28,82,24,27,721,40,103,28
nh0188,1931,44,53,85,114,128,125,350,774,58,142,3717,82,100,63,64,38,2363,217,1582,59,78,164,458,32,38,87,102,79,101,57,94,123,171,79,99,83,119,76,2672,677,942,48,632,635,69,612,164,30,83,125,118,417,97,316,1314,71,97,253,91,7,124,101,43,454,180,809,183,166,3322,64,222,1456,59,67,276,56,189,96,970,296,63,54,150,199,42,94,180,67,78,520,379,45,3,114,44,2370,199,274,179
nh0189,1001,61,35,42,40,65,25,229,302,5,100,1955,60,107,40,52,37,1736,16,899,20,35,89,386,39,58,76,52,37,84,81,28,110,89,25,52,97,30,16,1200,316,206,18,326,497,23,366,178,44,38,7,78,190,35,51,643,16,94,116,13,4,38,44,2,166,199,342,117,32,1339,18,156,507,31,159,162,23,71,62,224,134,79,33,70,39,32,40,66,48,8,522,366,35,4,24,30,969,66,159,37
nh0190,3178,41,23,32,96,70,98,404,1453,26,298,6046,86,44,61,145,67,3905,192,2448,91,136,263,350,79,90,61,42,134,25,34,84,99,244,99,225,50,58,24,3736,1501,1792,200,1012,2133,74,428,101,40,122,82,163,527,158,349,1521,87,269,353,69,0,94,118,52,655,267,1344,181,152,4424,72,278,3054,109,42,383,136,472,148,1309,673,134,83,159,229,80,101,204,104,47,1176,836,107,234,86,81,4614,146,105,287
nh0191,3356,52,50,71,92,70,65,309,1084,29,230,7444,51,20,78,169,60,4265,117,2628,59,143,205,246,66,47,49,56,39,42,23,90,96,155,26,306,28,57,16,3800,1803,893,189,1481,2639,51,289,57,37,95,44,202,453,125,299,1200,88,265,296,101,18,53,71,38,468,169,1119,144,101,4604,78,195,2769,102,16,405,101,440,110,1409,847,121,74,149,158,54,62,148,150,35,567,434,108,127,77,98,5247,222,107,237
nh0192,3597,52,37,55,104,83,156,390,1525,73,244,6577,53,68,55,183,81,4395,221,2746,73,109,244,305,81,84,90,35,74,48,48,90,97,232,57,207,57,111,22,4296,1275,1282,160,1434,2136,79,529,151,40,65,152,228,494,176,341,1623,110,270,210,91,0,73,92,81,525,241,1123,168,155,4119,87,452,2862,95,91,413,92,534,118,1600,771,175,78,139,331,75,64,161,136,67,1170,878,125,363,85,97,4376,252,163,287
nh0193,3153,41,37,53,82,73,66,279,1108,16,191,6052,37,18,72,144,62,3414,151,2334,47,94,160,279,80,70,82,61,34,52,17,64,79,196,25,204,44,53,16,3237,1585,844,119,1338,2191,39,387,91,43,90,63,180,440,122,428,1222,85,252,316,77,0,67,63,65,483,161,1171,143,104,4416,56,274,2216,95,31,319,104,488,102,1276,814,175,82,160,338,53,64,167,137,89,485,400,56,63,69,102,4437,259,145,285
nh0194,3814,52,52,77,105,82,110,405,1611,48,217,7000,45,62,74,159,66,4612,293,2845,59,136,242,343,89,82,102,67,73,42,55,99,95,248,51,239,66,104,21,4637,1696,1001,134,1321,1848,80,544,150,30,112,80,292,512,143,436,1493,102,248,288,96,4,99,95,87,588,240,1257,165,151,4632,89,376,3003,116,49,474,107,593,128,1651,867,198,118,185,336,53,77,179,81,77,991,772,100,336,106,87,4886,269,226,307
nh0195,1925,133,137,44,55,80,58,291,807,156,110,3414,46,314,58,85,55,2191,143,1225,59,62,172,366,79,96,35,90,79,92,65,63,170,125,70,86,174,77,215,2151,319,357,19,518,479,131,1024,788,147,60,70,63,70,64,65,934,57,67,117,221,267,37,43,152,232,315,530,137,39,1758,59,126,975,121,33,322,77,252,151,1067,434,119,64,142,386,28,41,151,60,272,924,679,45,0,39,116,2806,99,379,131
nh0196,2507,74,62,77,71,108,48,403,879,12,181,3984,70,180,66,78,72,3059,46,1744,122,91,266,313,47,82,68,68,149,52,54,204,128,418,141,110,73,38,37,2199,836,752,115,687,1304,36,397,165,56,143,13,187,371,73,103,806,40,110,96,18,3,67,64,51,675,305,724,210,132,3322,71,128,2095,116,139,189,71,167,95,772,407,79,98,123,84,110,42,195,186,33,563,441,60,115,72,23,2160,265,183,106
nh0197,1917,49,55,48,51,137,130,320,647,28,84,3357,79,226,29,100,89,2070,33,1217,46,62,254,521,59,85,128,138,126,108,106,67,135,268,89,96,58,76,29,1971,692,475,56,612,717,28,420,220,43,77,74,210,324,93,110,948,55,82,75,33,9,67,42,162,397,315,503,236,156,1978,61,316,1286,80,190,164,41,112,56,653,260,144,53,126,108,98,47,195,112,34,662,621,53,592,61,33,2258,273,246,58
nh0198,1160,67,67,32,32,57,74,202,525,29,85,2011,48,84,17,48,52,1398,82,842,25,53,128,204,34,20,51,39,48,37,41,46,57,128,46,39,38,67,60,1382,325,288,9,269,436,23,755,282,101,39,25,84,234,45,87,616,43,49,65,64,1,31,36,18,306,209,413,63,92,1525,35,119,609,69,72,105,44,127,62,324,122,53,25,67,20,54,30,98,64,0,335,275,30,258,37,14,1596,125,276,56
nh0199,796,34,28,22,14,41,69,182,224,6,64,1407,44,55,18,48,21,912,24,496,23,47,72,175,16,29,38,37,60,33,46,23,80,143,42,59,43,22,19,907,256,201,15,269,336,14,144,75,9,24,17,78,144,47,21,361,24,33,33,9,4,34,25,10,186,139,210,93,59,874,20,124,515,42,19,80,18,48,24,304,108,50,24,44,68,35,21,98,52,21,243,187,23,100,33,32,940,118,72,34
nh0200,1300,74,38,73,37,68,71,137,292,3,127,2211,55,240,52,72,31,2640,105,951,38,35,153,435,112,94,73,94,88,109,77,61,273,227,56,44,117,168,71,1685,308,377,27,427,432,62,374,185,37,81,59,34,164,42,31,765,34,39,53,44,270,49,49,8,224,195,313,65,90,1540,48,201,673,57,159,117,23,142,86,459,127,129,15,39,16,43,27,54,24,2,463,361,44,0,52,12,1130,66,171,143
nh0201,3575,285,275,114,260,150,404,622,1313,25,269,5599,110,205,214,105,231,3567,180,2249,152,104,748,579,46,91,65,214,271,215,72,150,216,954,352,237,145,141,256,3353,751,1307,150,1630,949,40,1201,593,95,195,94,174,954,246,235,2142,204,132,159,28,2,101,114,200,980,506,982,96,226,5174,99,184,2296,213,54,376,171,367,125,1477,556,39,73,188,315,330,160,397,191,97,1197,1040,71,231,116,175,3717,372,605,423
nh0202,4191,234,269,95,253,254,130,855,1837,168,237,8139,125,169,146,94,111,5388,255,2677,63,163,452,597,70,132,292,95,91,116,86,253,208,657,193,245,157,54,276,5102,1604,993,187,1280,2169,141,665,211,91,166,35,256,731,153,391,1981,60,197,319,201,16,106,86,17,1087,573,1851,220,426,4003,136,442,2602,239,82,329,142,299,286,1448,803,200,143,389,293,109,132,395,172,109,926,827,83,335,201,170,6748,305,148,204
nh0203,4562,137,208,230,166,222,423,639,1359,86,207,6848,152,759,76,219,145,5221,309,2845,229,175,508,722,169,135,168,303,325,164,159,109,314,648,179,253,185,260,107,5146,1095,980,123,1126,1480,152,1417,593,94,146,222,324,609,247,298,1943,276,193,234,73,864,117,81,21,825,816,1441,361,152,5242,101,504,2862,202,320,510,93,441,174,1405,501,271,130,265,202,171,108,397,189,31,1255,1263,144,5,191,98,5620,474,599,298
nh0204,1133,38,18,47,22,61,63,223,502,12,84,2677,28,71,31,33,22,2013,59,912,25,38,115,231,32,29,41,29,27,42,35,49,104,140,44,65,35,28,5,1451,472,328,55,456,611,23,216,96,29,48,19,99,268,43,81,452,11,68,77,57,2,27,31,115,251,184,403,83,56,1247,26,128,912,41,202,145,27,90,46,640,332,54,23,86,34,23,27,130,49,16,510,354,47,183,30,37,1247,113,91,79
nh0205,1272,22,14,49,31,71,60,215,427,22,83,2650,34,22,29,59,38,1665,85,798,40,56,47,226,32,32,86,25,22,29,87,33,143,69,40,80,21,45,1,1527,454,366,73,377,625,30,234,102,23,25,32,95,210,53,85,563,24,60,30,100,4,40,43,23,153,184,416,58,56,1222,23,191,1042,41,62,136,29,87,67,555,360,82,24,71,195,15,22,108,26,39,511,320,52,47,51,39,1405,201,100,75
nh0206,1369,71,102,54,34,65,92,155,313,7,156,2527,58,264,48,63,49,2316,128,961,51,60,173,362,87,93,55,133,136,108,84,71,233,236,66,57,119,105,87,2104,376,338,28,387,478,46,319,187,34,52,106,31,160,25,44,745,55,34,55,72,175,27,50,23,242,154,373,64,50,1655,47,182,797,76,71,153,42,159,107,681,195,166,28,40,117,63,31,96,39,63,448,416,48,0,59,43,1172,69,215,123
nh0207,4015,197,175,84,92,174,277,668,1529,373,271,6623,75,285,98,214,146,6443,327,2889,111,118,354,1262,231,261,128,333,194,252,176,70,364,527,91,106,288,321,123,5995,1137,881,59,983,1623,248,1631,916,194,121,368,207,581,155,173,2467,106,157,146,322,7,79,86,29,1050,723,1035,483,166,5122,62,486,2599,170,57,370,225,528,130,1790,626,187,104,260,499,78,135,205,147,226,1567,1416,71,1,173,195,3171,252,221,205
nh0208,1971,87,78,63,67,89,51,249,674,19,84,3501,31,65,42,88,44,2454,90,1156,21,62,198,175,23,28,55,54,47,36,47,95,56,231,59,109,37,25,40,2158,518,424,52,463,747,28,196,103,21,43,11,70,251,61,94,815,36,76,75,45,0,41,48,59,330,72,615,48,113,1978,99,199,1314,95,93,158,23,137,117,577,227,74,12,71,125,32,45,102,33,47,439,301,30,201,73,30,1749,219,102,123
nh0209,1409,61,58,33,52,65,31,206,373,15,71,2397,24,62,37,45,35,1568,170,919,13,49,118,164,17,19,35,35,33,38,34,74,50,130,60,61,36,23,9,1489,317,248,32,309,363,30,603,299,76,27,33,72,216,54,68,611,30,56,49,59,0,41,39,21,275,74,350,28,68,1408,52,160,678,65,42,162,15,125,61,320,137,52,16,68,119,30,47,95,21,55,285,249,17,178,51,48,1107,154,207,58
nh0210,2001,69,81,51,77,88,75,387,674,16,164,2920,74,225,52,85,50,2494,87,1177,78,73,173,458,78,87,159,41,123,26,80,110,99,192,79,85,73,74,105,2049,456,364,46,781,749,63,387,189,20,59,43,74,319,83,94,838,34,124,109,32,8,41,53,35,413,230,607,96,156,2331,96,250,1231,84,77,191,45,178,57,613,213,97,54,100,221,60,69,120,94,59,621,430,80,29,60,56,2159,215,176,65
nh0211,1040,47,36,32,34,45,5,153,269,10,45,2538,30,26,19,31,41,1776,34,822,17,42,100,230,35,25,39,40,29,37,30,42,72,102,51,47,31,33,5,1369,436,50,20,196,560,13,238,165,37,39,17,18,200,40,46,472,13,93,91,20,21,22,37,3,207,88,305,32,50,1184,30,55,558,70,14,111,5,96,62,286,151,20,11,53,1,21,28,48,44,2,372,258,35,104,21,29,911,31,105,43
nh0212,1162,84,69,25,26,44,41,133,353,37,63,2166,22,38,30,48,50,1552,77,689,11,32,144,129,42,25,33,33,49,21,21,69,40,183,42,47,14,16,81,1509,244,233,15,193,332,30,86,40,13,29,33,26,179,40,47,453,33,16,50,42,0,38,33,13,185,77,326,26,42,1252,47,72,686,76,24,100,11,109,43,446,172,32,10,45,22,24,22,53,25,8,259,233,26,91,40,50,870,89,39,44
nh0213,562,16,12,13,29,41,18,148,229,16,37,1212,14,20,9,47,36,878,48,439,6,29,72,73,36,33,4,28,25,24,5,25,50,108,20,17,8,30,20,825,168,86,26,92,362,12,48,39,14,23,26,18,156,14,41,213,32,26,61,34,9,21,29,8,126,64,204,27,14,638,14,7,489,34,5,35,24,72,40,283,154,11,22,36,22,20,44,44,37,16,292,202,18,7,19,29,671,29,23,28
nh0214,844,38,29,15,31,27,31,78,219,13,68,1399,13,76,22,33,24,1088,35,417,15,25,92,34,6,7,5,23,45,15,12,57,9,96,24,50,5,14,9,951,286,189,30,167,407,16,50,16,2,27,18,26,105,26,27,254,26,13,16,27,2,23,20,7,146,53,244,39,28,984,15,46,538,34,1,56,21,57,40,336,179,12,15,13,38,39,14,42,25,9,179,148,32,3,26,12,592,65,36,65
nh0215,1767,67,46,45,53,49,8,509,575,8,110,3668,33,55,73,73,33,3230,43,1513,17,124,159,476,59,99,44,44,25,53,36,100,72,115,49,123,24,204,11,1981,625,188,111,466,1337,23,37,38,6,35,20,48,435,60,132,772,17,106,268,26,4,53,71,13,371,276,620,169,100,2324,58,124,1241,118,6,183,76,152,91,549,332,60,68,101,29,32,48,107,92,5,615,340,78,37,53,36,2179,146,43,75
nh0216,2906,148,115,81,62,85,186,404,1103,114,239,3951,70,159,13,102,134,2601,210,1739,99,95,190,277,92,78,32,162,108,116,41,67,186,644,107,108,126,72,305,3208,508,876,30,392,657,103,577,333,65,82,114,72,231,59,68,1168,91,82,76,196,3,65,61,139,535,390,564,222,29,3244,102,288,1669,41,152,193,86,272,165,1370,518,128,95,163,333,79,149,140,88,195,920,619,34,36,138,71,2343,200,237,153
nh0217,6347,61,78,99,199,266,340,878,1925,128,365,12279,131,124,167,346,163,7887,255,3960,65,202,628,533,121,160,146,112,209,98,114,221,201,633,212,280,102,136,87,7877,1887,1737,159,1590,2783,139,719,304,50,167,151,313,678,155,691,2311,164,187,559,183,4,159,201,57,1108,628,2089,279,303,5950,244,471,3232,307,146,501,130,473,190,1846,704,201,125,245,559,176,148,326,124,118,1306,921,155,275,168,165,5301,460,322,291
nh0218,759,9,17,24,35,34,23,106,297,25,53,1213,33,60,20,29,29,811,90,463,25,15,99,214,30,56,53,18,20,21,41,32,103,98,44,28,40,18,116,950,190,239,32,421,309,20,277,151,31,30,11,53,85,33,55,561,19,43,47,35,0,20,27,2,195,96,217,23,42,923,27,99,668,56,36,100,54,109,38,478,227,54,33,41,155,26,37,50,40,81,292,210,35,58,23,24,636,82,112,69
nh0219,793,5,3,11,26,38,79,89,235,42,39,1530,23,89,13,29,20,1029,39,439,14,26,31,101,34,36,13,59,40,101,28,27,65,66,28,36,30,19,28,933,170,146,7,147,259,38,198,138,21,25,21,21,96,7,5,230,18,35,30,33,0,13,11,27,104,54,182,48,24,741,15,39,303,24,60,54,14,18,72,328,133,13,10,21,84,14,13,26,13,52,285,236,31,31,15,21,642,33,89,49
nh0220,1252,113,91,17,54,19,20,255,489,156,56,3241,20,42,50,71,91,2175,30,922,44,59,90,179,31,73,3,24,47,22,30,28,31,129,30,51,58,52,69,1911,689,145,17,146,885,40,187,165,40,44,33,31,169,12,58,421,70,38,79,48,15,34,21,40,232,120,372,154,17,1233,24,100,716,39,2,114,89,91,87,748,335,41,72,116,124,27,29,28,53,96,395,311,15,3,28,53,1654,86,137,53
nh0221,1518,190,182,38,26,67,77,348,555,69,101,3147,40,69,31,95,44,2313,90,1159,45,62,220,148,36,44,56,34,96,48,38,41,57,252,33,45,42,54,23,1793,480,332,8,409,563,43,247,104,21,50,19,118,242,33,65,603,53,11,129,96,0,26,43,48,304,243,454,67,50,1332,33,164,862,60,125,185,45,137,168,681,262,57,32,69,139,72,38,132,69,62,635,415,27,100,65,43,1378,144,110,124
nh0222,706,29,23,31,47,27,17,310,299,13,66,2412,9,39,12,20,24,1457,31,803,36,39,90,180,25,30,6,22,11,32,13,40,70,45,17,51,59,44,40,1163,425,272,23,221,526,19,203,162,63,27,26,20,150,17,60,298,30,18,65,58,21,16,24,13,140,83,260,50,29,899,31,48,440,29,4,94,30,72,108,541,272,17,29,87,108,7,15,56,50,70,484,345,22,54,10,39,1073,40,79,33
nh0223,1670,62,55,21,73,46,42,240,521,17,98,3373,31,62,67,79,49,2204,63,1146,102,86,187,120,48,70,20,59,29,64,22,74,47,211,64,90,32,21,44,1847,436,377,30,595,657,43,89,40,9,85,27,43,323,31,30,477,32,22,127,45,0,36,79,20,245,162,631,24,91,1279,55,85,1313,73,27,96,43,173,135,731,302,38,36,119,37,35,110,132,58,11,478,332,62,81,47,42,1476,142,24,107
nh0224,4537,368,325,77,152,88,164,486,1278,62,302,6487,59,197,292,194,136,4680,63,1861,107,159,495,385,90,84,43,196,257,216,73,188,153,781,240,215,99,215,134,4176,888,860,145,1184,1435,120,337,122,13,138,77,123,541,68,106,1226,160,74,256,72,2,60,123,21,745,349,1211,252,246,4754,223,71,2247,128,56,270,98,306,290,1291,402,36,51,178,139,146,107,236,197,20,1167,923,116,140,163,66,3441,228,235,199
nh0225,3544,263,260,58,168,76,119,496,1091,41,172,5898,47,103,144,151,109,4316,73,1719,145,154,620,286,48,45,24,181,131,269,47,232,77,626,259,224,35,104,34,3303,1067,711,330,963,1939,65,171,86,19,174,24,59,719,75,127,1250,75,63,204,18,4,54,86,17,769,338,989,143,157,3796,115,83,2290,163,41,200,80,285,220,1200,635,18,50,105,63,150,81,292,195,13,955,747,72,66,69,69,3184,194,112,240
nh0226,3593,293,283,112,203,113,230,538,1055,89,245,5629,86,206,143,126,114,4172,108,1830,179,156,536,575,47,83,52,191,181,224,77,228,217,653,256,266,91,160,85,3938,804,720,266,1220,1832,73,472,216,43,164,28,93,668,133,133,1655,165,162,225,43,2,88,88,73,741,424,989,266,235,4179,121,214,2339,202,61,391,93,255,170,1162,499,40,83,158,151,137,123,257,204,51,1042,804,83,231,147,143,3260,312,226,174
nh0227,6348,292,266,176,128,314,269,764,1808,155,342,10528,136,759,247,205,117,9376,132,3975,142,239,401,1369,329,495,252,331,285,263,325,154,591,444,170,301,436,309,216,7753,1828,1069,119,1451,2805,162,1612,781,176,142,147,224,651,263,165,2294,225,325,122,102,1071,99,82,351,823,587,1448,393,156,5524,120,400,3874,190,800,368,137,334,442,1745,745,330,67,209,217,122,95,421,268,106,2073,1627,157,11,164,96,5606,712,772,166
nh0228,1301,41,51,35,57,55,108,217,478,32,70,2565,43,50,47,45,43,1615,92,891,22,36,150,249,40,37,59,92,67,72,50,74,111,167,70,34,45,35,44,1583,354,247,13,255,457,39,227,90,19,67,13,56,209,49,58,538,33,60,73,50,1,37,40,49,220,131,379,72,67,1582,33,91,760,55,31,143,44,100,48,506,196,50,30,97,100,46,36,77,54,40,353,336,43,171,58,37,1162,109,118,69
nh0229,799,63,65,18,11,21,21,159,398,46,41,1831,8,26,20,11,28,1098,51,724,32,37,92,87,50,42,13,27,51,37,10,20,33,131,24,41,28,24,9,995,323,185,16,205,427,24,77,27,3,38,39,10,27,32,16,186,23,14,41,61,0,15,15,6,131,90,285,7,13,643,18,59,626,23,9,42,25,98,75,640,304,22,8,21,72,19,30,88,48,23,452,414,32,0,27,62,1081,29,16,77
nh0230,1677,89,85,33,71,70,128,290,639,37,139,3077,51,84,40,117,79,2351,217,1252,48,55,334,156,10,29,31,67,162,57,20,74,48,317,78,68,25,56,64,2359,563,538,47,355,669,88,80,35,3,39,89,110,205,70,89,899,74,14,127,69,10,40,48,22,225,185,375,198,73,1646,36,181,1302,52,68,174,73,217,135,956,340,60,32,126,49,100,53,141,57,13,596,452,30,143,59,23,1861,111,28,163
nh0231,2376,166,147,26,23,83,35,342,782,33,91,6043,48,83,83,148,61,4251,36,1863,113,80,210,128,16,28,23,46,63,49,17,97,51,298,56,106,27,27,27,3381,966,176,49,364,1421,23,89,68,11,38,12,106,338,34,72,515,39,44,159,30,106,37,49,44,502,157,952,61,36,1817,55,58,1354,79,80,132,51,178,267,774,441,34,64,79,16,46,59,128,117,3,677,504,43,0,42,29,2319,167,39,64
nh0232,4020,261,172,94,127,214,160,797,1818,74,276,7498,95,429,26,180,114,5871,219,2813,60,111,500,432,112,158,96,94,264,145,97,210,158,572,181,202,102,148,239,4840,1404,1708,122,1117,1751,112,815,322,61,105,89,506,810,146,219,1657,71,153,300,110,18,96,112,55,640,298,1348,114,321,4645,92,450,3005,166,264,410,91,290,179,1670,674,135,103,446,454,155,90,223,139,85,1298,911,98,393,179,113,5024,460,263,330
nh0233,793,95,66,24,32,31,41,152,370,38,31,1726,27,50,24,40,27,966,76,683,29,61,88,84,29,30,23,22,34,13,11,19,21,73,27,60,13,16,17,910,291,228,24,159,381,19,97,69,15,14,18,79,119,20,56,281,19,25,94,53,1,32,36,11,145,62,240,48,13,798,15,109,557,35,2,76,21,68,46,347,149,38,15,67,40,21,22,68,28,11,171,110,11,9,40,31,1377,33,55,83
nh0234,2367,96,103,49,68,94,169,377,896,54,120,4612,51,97,15,88,39,2726,71,1481,40,86,225,330,71,73,66,129,111,125,69,72,149,277,105,80,92,99,56,2578,672,599,63,535,979,33,649,365,116,71,76,195,158,74,216,953,90,181,224,44,13,49,59,78,502,367,516,121,173,2879,98,99,1374,77,45,214,41,203,60,838,365,72,43,173,138,64,60,74,97,85,693,726,107,267,41,54,2612,201,172,79
nh0235,1838,61,41,88,123,112,115,318,820,42,134,3819,61,67,34,96,74,2955,160,1191,41,57,107,320,38,40,83,83,56,65,91,72,153,98,53,72,154,43,55,3235,734,608,52,655,789,78,821,214,47,59,36,198,355,76,238,1475,44,124,233,89,11,102,53,68,381,251,546,185,112,2135,37,377,1341,68,73,428,57,235,118,588,240,160,94,210,677,29,44,102,71,177,453,391,19,173,62,43,3187,210,303,120
nh0236,2029,72,66,55,26,75,141,205,633,77,142,2504,59,252,11,96,59,2144,57,1068,60,56,213,342,58,73,48,89,157,71,91,112,61,309,45,62,80,58,233,1922,426,460,38,491,480,46,473,240,53,43,65,86,201,48,45,723,96,104,44,77,12,41,43,100,257,218,467,87,74,1645,46,272,1124,62,259,130,47,111,75,814,229,123,51,78,311,46,60,105,39,124,731,525,37,326,78,57,1675,119,194,107
nh0237,1685,46,56,38,61,90,61,248,533,49,125,2342,76,155,20,81,63,1917,80,944,36,48,169,367,59,36,43,117,58,96,74,57,174,235,58,61,129,56,111,1751,366,456,38,460,588,46,491,207,55,71,53,182,182,57,69,803,72,101,89,34,5,45,48,21,363,218,449,200,81,2387,78,225,1022,82,122,202,82,141,67,479,179,98,28,152,151,43,70,107,81,40,484,384,54,457,65,58,1422,197,208,37
nh0238,1356,33,38,73,50,67,89,119,444,54,76,2328,25,172,81,64,11,1700,66,1004,61,72,82,313,102,119,14,126,57,150,67,29,116,85,45,63,98,113,41,1556,358,364,22,319,473,76,339,205,75,47,37,44,82,17,61,551,43,108,88,64,40,37,56,32,237,152,372,56,54,1673,55,50,701,42,31,112,45,96,78,526,284,56,27,59,95,11,53,50,21,49,503,451,62,13,35,39,1625,59,142,105
nh0239,706,25,21,32,23,54,26,103,239,9,52,1553,29,71,28,21,26,1438,2,521,8,34,69,163,15,32,37,33,13,53,44,48,27,56,20,46,12,34,3,899,310,195,20,203,379,20,96,75,11,27,1,36,143,29,56,262,16,45,41,7,2,24,25,9,180,90,222,41,44,841,23,85,493,20,141,69,22,33,43,231,99,40,49,25,17,18,20,49,52,4,219,157,22,63,22,19,883,72,44,18
nh0240,385,51,49,6,25,7,9,132,217,11,29,903,15,10,1,41,19,706,35,349,19,29,93,74,13,12,12,18,37,3,13,16,11,54,11,16,4,26,39,769,206,82,12,191,350,8,39,25,2,20,19,6,83,14,8,179,19,17,73,35,1,11,13,13,102,105,202,12,4,446,8,50,431,16,6,47,14,58,54,296,149,20,33,26,31,10,12,44,31,9,200,143,22,7,29,42,586,33,14,59
nh0241,845,33,28,19,17,49,41,100,303,52,42,1171,30,83,6,36,35,997,48,519,19,11,82,100,23,31,12,69,40,58,44,41,30,100,27,16,24,10,21,939,153,244,17,224,186,35,140,85,22,27,9,42,75,24,15,232,43,33,42,33,86,19,29,15,106,75,188,22,58,725,11,63,614,24,45,50,16,49,20,415,126,23,15,57,25,31,24,38,15,8,273,223,14,0,45,14,917,65,34,62
nh0242,1072,30,43,39,39,57,62,224,456,28,82,2325,40,90,60,56,25,1660,45,929,33,58,151,284,47,53,55,73,46,45,39,53,86,118,53,71,51,49,98,1601,357,401,9,397,532,28,335,161,38,30,30,82,191,47,73,562,34,33,76,37,5,30,31,65,290,147,376,65,67,1590,9,120,840,50,14,157,41,117,84,501,236,48,31,63,152,41,49,83,41,59,535,373,28,135,33,43,1141,103,135,55
nh0243,854,11,28,7,48,26,53,108,296,15,32,1548,22,413,28,56,12,1323,50,696,14,34,84,181,48,50,14,36,27,28,32,32,60,83,17,19,49,22,26,1210,240,138,22,189,409,17,145,93,33,26,19,17,119,25,24,288,19,50,43,18,119,17,31,50,137,77,275,20,20,892,23,45,524,35,14,84,30,67,27,319,178,39,32,44,32,28,35,37,62,14,270,253,45,3,7,38,699,24,31,36
nh0244,1177,26,23,28,39,37,53,123,256,26,80,2243,23,28,23,31,47,1363,50,760,8,24,65,110,11,15,11,32,33,39,22,30,55,142,45,24,28,42,26,1337,413,223,44,196,586,24,109,60,17,47,19,38,112,25,55,338,21,28,108,20,15,38,23,27,157,103,235,42,36,885,40,36,645,46,29,69,20,77,29,383,210,19,14,36,75,21,23,50,40,35,241,230,27,41,22,24,1235,71,45,60
nh0245,1148,45,62,37,30,33,102,167,591,171,69,2144,12,99,34,40,25,1576,108,841,42,49,57,313,60,99,35,71,40,51,49,14,117,176,25,34,63,78,102,1698,403,401,14,233,488,66,526,304,57,40,85,113,139,41,41,761,20,35,27,95,2,10,12,57,348,232,327,125,70,1560,13,157,817,52,33,87,52,142,49,719,200,64,30,130,244,27,27,76,25,142,419,338,10,16,63,57,998,68,89,99
nh0246,6859,152,179,131,191,318,420,1009,1937,291,593,10742,178,697,115,300,194,8259,272,3712,232,150,610,1448,349,394,372,367,392,301,185,243,384,608,254,283,253,372,411,8558,1827,1314,174,1896,2367,130,1983,820,211,175,232,277,840,256,299,2959,145,372,268,217,37,203,210,264,1277,1092,1811,849,281,8218,311,434,4014,232,124,633,165,575,239,2617,1071,552,230,447,1061,235,263,410,314,342,2081,1648,177,1024,370,351,8099,495,727,220
nh0247,4993,465,421,145,343,366,90,833,2073,237,426,8676,228,412,217,149,155,6505,260,3031,90,168,555,939,201,247,119,266,315,295,144,232,247,627,188,192,177,299,192,5250,1073,1227,92,1420,1628,222,977,885,190,144,208,192,686,173,332,1960,81,182,560,165,515,176,185,200,1124,872,1536,149,864,6216,164,339,3169,237,427,582,178,566,388,2686,1039,252,135,234,192,228,140,507,203,131,1741,1179,133,4,267,219,7542,367,449,203
nh0248,1053,55,79,22,68,78,62,149,375,74,92,1698,48,49,42,21,42,1223,58,636,15,30,99,200,44,44,24,37,70,39,33,73,63,100,38,38,41,52,37,1174,246,317,22,342,358,22,191,155,46,41,34,48,137,34,81,395,13,41,158,37,1,24,29,44,263,145,338,26,230,1389,38,94,595,36,107,93,35,146,71,546,222,37,30,77,64,42,26,119,34,40,278,230,25,84,56,43,1582,75,63,56
nh0249,1262,108,83,27,76,54,15,232,461,128,96,2593,40,32,64,34,63,1955,62,919,31,51,107,174,42,48,10,100,46,97,3,74,40,132,40,56,32,56,57,1530,390,212,21,252,645,31,170,280,60,34,35,49,72,25,75,408,22,74,108,71,120,32,31,36,338,169,458,63,128,1345,48,91,751,58,37,93,37,153,108,668,328,74,49,102,13,30,31,125,55,24,345,264,21,2,47,70,1957,58,62,23
nh0250,697,19,7,8,51,29,42,98,239,43,73,883,26,53,24,18,27,646,156,385,17,15,96,166,42,75,36,11,30,15,17,23,38,98,36,34,59,25,59,740,190,201,15,329,137,26,272,123,26,23,13,36,69,21,17,389,17,35,27,29,218,20,18,13,83,156,203,45,105,857,58,43,462,58,4,90,35,48,30,384,129,12,48,52,19,21,43,69,23,5,238,206,22,1,46,32,864,67,83,109
nh0251,497,32,31,31,11,24,24,71,189,72,47,960,15,19,24,9,16,540,62,334,13,22,50,83,20,15,14,19,25,21,15,26,53,62,17,17,21,14,26,576,133,98,15,112,170,14,331,202,57,15,8,35,92,33,21,220,21,27,33,23,5,14,14,5,106,60,136,27,22,588,11,39,247,36,10,77,33,58,27,208,113,6,16,54,26,10,16,58,42,13,257,209,10,0,23,32,633,36,85,11
nh0252,580,23,31,14,20,40,32,84,261,66,40,1135,17,24,20,21,18,633,51,402,22,27,66,80,33,33,9,33,45,16,9,20,26,93,29,31,39,13,21,514,150,72,4,135,188,11,450,239,76,6,45,36,118,32,24,219,12,52,68,20,13,28,14,8,152,58,171,27,13,738,12,37,275,30,2,70,36,86,48,166,97,22,22,51,68,20,24,52,22,19,324,252,9,5,28,31,760,50,105,22
nh0253,3934,134,140,127,67,213,388,591,1111,49,184,6179,100,571,146,183,124,4244,62,2403,73,114,365,837,163,183,140,254,264,252,209,147,259,509,145,191,167,146,36,4534,1192,584,70,933,1414,78,817,583,114,88,160,235,594,169,150,1589,135,214,100,93,15,105,80,50,648,557,1326,37,157,3873,125,283,2291,189,11,421,86,209,176,1156,414,127,100,156,208,129,116,259,170,94,1191,1129,96,571,139,101,4010,318,409,90
nh0254,519,10,13,13,10,13,30,65,167,16,24,970,13,23,10,30,9,608,20,304,18,35,23,107,14,21,24,19,9,12,13,15,27,18,19,21,25,33,2,499,166,145,16,87,212,4,209,104,31,8,31,28,86,22,12,232,33,34,26,33,3,14,12,2,84,41,124,29,14,513,12,79,307,24,5,73,13,30,9,98,63,6,11,13,105,1,18,33,12,32,221,143,17,36,27,11,391,33,77,7
nh0255,1399,38,28,28,51,33,42,238,506,11,41,3508,24,4,42,59,56,2162,41,1112,41,110,89,179,46,45,24,44,9,39,25,19,121,111,47,93,21,34,57,1491,501,223,62,293,772,29,82,46,28,59,9,43,260,27,45,326,39,65,123,30,35,40,46,15,274,103,690,15,63,1320,38,84,1065,64,28,80,42,148,150,617,390,32,55,48,17,7,74,135,50,3,463,289,50,8,35,63,1540,152,24,86
nh0256,984,44,65,22,41,42,61,192,360,23,100,1762,26,24,39,50,35,968,47,667,21,61,127,118,24,34,18,47,41,53,17,20,45,231,38,51,36,37,7,910,337,280,18,283,451,15,128,46,7,58,9,44,154,41,57,351,34,18,90,45,1,24,39,25,207,161,333,28,27,996,24,50,681,22,20,54,63,96,74,564,305,23,33,69,89,14,61,96,38,25,291,190,26,0,31,39,1363,73,46,127
