,a el,a la,a las,a los,a mi,a que,a quien,a su,a sus,a un,casa de,con el,con la,con los,con que,con su,con un,con una,de el,de la,de las,de lo,de los,de mi,de que,de su,de sus,de un,de una,de y,el de,el día,el mismo,el mundo,el que,el señor,en el,en la,en las,en los,en que,en su,en sus,en un,en una,es que,la cabeza,la casa,la de,la mano,la noche,la puerta,la que,la vida,lo que,los ojos,los que,más que,no es,no me,no se,para que,por el,por la,por qué,que a,que el,que en,que era,que es,que había,que la,que le,que lo,que los,que me,que no,que se,que yo,se a,se de,se en,se había,se le,todos los,uno de,y a,y con,y de,y el,y en,y la,y las,y los,y no,y por,y que,y se,y su,yo no
nh0001,315,128,32,31,7,33,14,51,18,17,11,38,40,17,10,16,9,10,345,221,77,8,119,12,37,87,28,57,34,15,16,17,16,10,55,11,121,121,28,32,44,30,10,13,16,26,42,29,13,25,21,16,12,4,68,17,18,24,27,12,49,27,53,45,16,35,82,33,16,21,31,42,52,33,23,24,92,94,25,14,25,15,18,43,25,14,49,20,44,78,21,41,14,19,38,19,35,21,10,32
nh0002,524,284,57,133,70,36,22,76,28,52,33,87,109,47,15,39,43,52,473,542,151,48,231,153,122,104,62,100,88,53,31,26,48,63,61,2,285,338,85,82,70,75,29,88,49,40,23,22,46,42,10,19,36,58,222,28,62,72,55,143,98,44,76,77,43,26,104,54,40,27,43,88,42,38,47,173,213,186,85,50,41,27,34,32,74,44,94,42,132,80,81,100,43,68,106,30,111,55,29,69
nh0003,119,67,19,22,16,2,7,20,8,9,12,12,19,9,7,14,10,20,107,109,19,5,35,47,19,27,15,14,16,3,8,7,1,13,12,7,44,43,26,14,23,15,5,18,7,13,12,24,6,4,6,0,11,4,36,5,8,15,8,15,16,11,23,19,8,9,23,9,8,6,24,21,7,7,14,35,31,55,19,3,5,13,17,6,16,8,26,14,40,24,12,17,2,8,21,11,31,15,7,13
nh0004,159,67,13,58,2,8,5,18,15,8,1,34,14,14,7,8,7,5,207,84,30,6,113,4,31,31,29,22,12,44,9,9,15,5,13,2,49,56,15,16,21,10,8,14,11,10,9,3,8,8,7,2,6,11,37,9,10,11,9,4,25,8,24,19,1,4,29,15,2,4,14,11,7,10,33,10,30,38,2,23,17,15,9,19,16,13,21,15,22,36,17,32,17,27,11,9,29,15,8,4
nh0005,133,60,15,36,12,5,6,22,7,20,8,17,7,5,4,18,4,9,134,86,37,2,55,18,20,22,17,24,34,8,7,10,1,7,12,10,49,38,22,14,17,18,12,17,6,10,4,9,5,4,7,7,5,8,31,4,4,16,5,5,9,8,13,24,4,5,15,10,8,10,15,19,10,12,9,28,35,42,10,11,10,3,16,3,6,5,37,13,52,18,26,13,7,10,23,24,40,17,11,16
nh0006,314,136,57,71,20,25,32,98,31,26,15,50,47,16,10,32,24,37,360,236,63,17,107,44,81,115,52,56,79,49,17,21,11,26,38,36,170,111,32,51,68,81,31,39,26,33,16,16,20,7,26,21,23,17,75,27,18,47,46,30,35,36,36,23,26,18,59,23,29,36,51,62,68,13,21,84,122,138,33,38,16,24,27,28,17,26,40,25,96,56,52,53,15,23,41,33,109,69,20,35
nh0007,308,147,44,102,8,16,38,62,26,23,16,64,42,39,15,47,23,25,296,269,73,8,113,9,67,133,43,55,50,31,21,18,12,11,36,11,126,135,58,49,84,67,39,40,26,47,21,25,10,14,20,13,18,32,88,25,27,73,23,27,50,29,50,40,24,19,52,28,28,30,50,76,72,21,31,38,112,161,24,42,34,35,51,17,41,19,83,33,137,49,43,38,20,40,46,33,143,65,13,28
nh0008,209,166,35,59,3,24,14,70,26,21,42,33,38,10,24,10,14,15,389,367,94,21,134,10,41,123,81,77,82,22,24,27,10,33,31,6,149,121,43,52,63,51,37,37,34,10,40,59,24,25,22,46,22,36,91,31,28,19,18,17,36,25,44,49,19,11,36,21,21,13,25,61,37,43,13,24,70,96,15,36,26,24,23,22,20,21,25,11,52,42,29,38,20,35,31,7,15,39,11,12
nh0009,628,223,57,129,18,66,42,154,53,50,7,93,89,28,31,43,41,48,572,316,102,52,159,11,160,173,85,95,124,43,11,40,56,14,81,10,252,173,54,39,47,77,23,67,38,92,33,19,18,10,49,17,36,49,308,14,68,54,28,42,162,100,134,72,27,47,143,42,73,30,115,101,102,115,53,62,286,308,50,105,82,60,99,100,68,24,85,36,95,94,31,80,25,43,90,33,113,125,25,57
nh0010,623,197,44,91,87,40,18,109,27,43,24,103,125,44,28,40,37,43,781,446,175,27,212,69,103,163,72,80,55,33,25,41,28,33,32,137,236,184,54,56,105,75,37,70,44,25,57,47,20,53,28,40,18,9,130,30,52,58,30,50,80,54,94,88,31,59,71,47,28,29,68,58,120,48,37,64,165,208,35,61,56,44,39,100,56,30,114,62,89,124,51,62,33,50,67,47,88,93,26,31
nh0011,262,131,19,40,7,13,1,51,13,10,2,34,36,7,5,8,16,15,264,316,72,13,92,4,26,170,67,71,60,7,7,10,8,9,13,1,128,127,33,27,13,46,11,65,33,9,16,10,12,18,20,26,12,23,57,33,3,6,10,9,14,7,55,47,22,2,30,23,4,7,20,24,22,16,7,19,41,42,6,24,28,16,19,26,5,20,23,6,52,19,21,41,14,8,13,9,16,25,1,5
nh0012,211,138,25,55,2,12,2,58,16,20,9,33,40,10,7,12,17,13,330,298,51,33,91,7,43,199,81,79,53,12,6,15,13,16,16,0,155,159,35,43,24,69,16,48,25,10,12,37,9,22,7,26,10,23,113,24,8,24,4,10,38,16,44,42,34,10,17,21,34,5,35,29,60,51,4,8,82,94,0,40,49,32,52,60,6,20,31,6,69,15,18,19,3,4,23,11,36,18,12,1
nh0013,330,107,26,41,11,31,10,97,25,16,36,45,43,29,20,43,18,9,392,332,84,19,105,15,50,176,43,38,46,20,14,25,18,12,14,2,163,117,17,34,40,69,28,27,16,2,32,55,22,7,35,46,14,10,59,22,18,53,14,19,65,30,56,63,23,40,30,36,11,11,37,48,74,28,20,20,97,113,12,39,42,23,36,50,30,11,49,18,71,41,32,43,16,29,34,17,67,60,32,12
nh0014,257,117,27,39,17,20,23,90,43,16,5,45,31,18,36,29,28,34,298,224,40,12,72,39,59,154,48,62,49,29,12,12,54,15,40,0,115,87,26,19,65,72,23,22,31,23,27,5,16,18,16,13,8,24,65,41,7,17,16,20,36,25,32,39,2,5,48,9,16,19,42,74,111,9,20,69,117,145,15,37,25,17,17,5,27,10,38,8,54,51,20,59,17,19,29,13,115,29,19,9
nh0015,724,337,117,205,19,38,35,86,36,73,17,94,88,66,45,36,38,28,709,542,174,43,322,29,145,80,46,113,70,113,54,35,28,36,45,55,243,251,63,60,123,40,27,77,44,16,53,46,46,44,24,28,32,31,145,56,70,57,32,33,79,39,87,95,22,56,94,40,39,52,79,84,138,23,88,74,157,311,15,69,43,43,50,74,60,29,159,57,145,147,68,107,57,97,69,40,140,113,19,18
nh0016,224,100,12,46,5,10,24,53,15,18,6,32,36,18,16,14,14,10,205,164,28,6,95,10,35,66,25,49,21,18,12,9,19,15,35,46,69,88,20,26,34,54,15,28,19,14,6,5,11,4,6,5,7,12,60,7,27,25,13,1,43,17,39,36,22,12,51,27,36,20,30,39,32,29,15,7,45,79,4,18,19,11,23,43,9,22,18,12,32,35,22,27,2,14,26,17,44,40,13,9
nh0017,1401,885,253,276,83,150,113,405,103,72,113,238,232,100,98,144,108,183,1903,1858,417,64,709,151,237,761,261,258,253,221,78,82,128,83,138,345,766,806,160,193,341,298,88,118,91,53,134,154,107,173,108,226,105,124,442,127,162,86,225,113,199,130,254,344,83,87,224,100,57,114,144,293,194,129,136,167,439,556,128,187,117,112,80,84,160,124,257,126,417,294,195,354,91,140,129,129,269,161,123,133
nh0018,299,139,19,41,75,18,3,48,16,13,24,38,45,24,5,30,13,23,265,203,80,5,69,148,45,73,33,73,65,6,12,9,18,13,11,0,148,101,36,46,76,37,18,35,23,19,40,20,10,24,13,14,7,20,59,61,2,24,23,60,31,11,54,49,31,13,17,16,12,23,23,26,8,10,4,133,76,95,37,24,15,24,40,13,18,4,51,16,61,27,25,36,10,8,26,8,46,32,14,60
nh0019,125,45,10,18,0,9,3,29,15,9,5,33,37,9,7,14,12,11,97,91,32,12,54,0,25,44,27,22,16,3,8,13,5,5,25,8,48,49,15,13,19,31,13,18,7,4,12,11,4,17,12,10,15,4,49,7,17,10,1,1,25,8,26,25,14,9,12,9,14,10,6,27,39,21,7,1,45,47,0,19,32,26,10,20,3,10,16,10,44,12,15,18,5,9,22,9,18,27,6,1
nh0020,170,71,13,48,1,8,12,48,11,12,3,19,18,8,6,12,8,3,194,146,43,7,78,2,29,77,30,21,14,24,30,10,11,10,9,7,48,58,21,14,31,32,10,11,9,10,7,3,8,7,1,2,10,14,42,7,16,30,19,2,40,5,29,22,7,10,37,32,22,12,16,31,15,19,20,4,77,62,4,15,4,9,10,21,10,13,24,15,34,30,17,26,8,11,20,14,31,34,20,3
nh0021,239,112,8,14,13,11,4,53,23,10,19,40,46,10,9,23,57,47,253,257,39,10,64,29,16,134,43,70,54,34,12,17,21,16,27,18,164,139,12,27,37,56,24,48,28,10,26,22,13,24,24,59,21,6,67,28,5,14,23,25,40,6,23,41,37,10,22,16,9,13,13,61,16,4,6,61,71,71,12,36,28,23,8,15,19,14,35,22,87,53,25,68,13,33,40,9,43,74,12,15
nh0022,504,202,84,142,4,14,14,87,30,32,40,76,44,41,9,37,29,31,780,454,176,11,258,5,30,108,56,103,62,41,24,37,34,6,52,0,287,228,77,52,46,58,27,72,45,10,27,48,22,9,43,30,21,26,40,31,52,9,4,7,39,21,120,69,15,23,55,39,23,3,37,38,42,18,28,6,63,150,3,55,26,34,25,25,29,10,61,29,101,83,67,58,35,65,17,22,36,53,24,1
nh0023,315,167,25,55,50,21,13,49,14,13,31,44,29,18,8,24,6,12,354,281,62,6,85,60,72,47,19,40,23,33,19,9,20,13,30,13,129,144,18,18,45,36,10,19,8,9,19,46,19,11,17,33,13,8,54,17,18,21,11,28,33,19,47,46,10,37,69,30,26,19,11,46,29,12,19,71,92,67,37,19,14,12,9,14,19,7,59,30,45,43,27,56,15,19,33,13,56,17,14,31
nh0024,273,133,22,41,65,14,17,76,22,23,14,39,44,22,21,27,21,30,234,174,32,17,53,78,35,111,64,37,30,16,5,29,15,7,29,11,77,92,21,24,19,43,13,31,14,16,11,20,7,13,17,26,9,18,102,25,15,22,47,37,51,20,30,40,22,25,48,27,29,37,17,42,45,21,19,85,71,62,23,14,26,14,12,16,28,17,39,16,39,46,15,37,10,7,37,18,60,46,27,29
nh0025,516,288,54,138,38,66,46,208,66,33,17,65,80,53,31,58,14,27,546,442,108,31,249,58,85,279,122,68,70,50,29,47,36,17,32,2,179,159,29,65,91,84,38,32,16,9,24,19,12,23,28,22,29,29,131,35,63,20,27,19,33,44,63,82,18,103,103,73,31,28,32,89,90,14,38,43,78,121,14,72,55,29,14,16,53,24,79,36,89,59,30,53,11,14,26,21,95,33,15,11
nh0026,763,386,46,229,75,50,43,125,84,46,30,116,135,64,52,44,57,58,958,739,161,11,546,170,173,343,187,160,88,92,44,42,37,26,63,19,357,323,81,97,182,157,65,97,70,24,82,37,20,98,39,116,27,40,110,106,31,22,38,43,55,101,90,106,40,34,123,44,28,26,76,116,103,25,80,133,168,267,28,60,47,38,25,29,109,48,107,54,146,135,52,150,47,102,79,28,90,101,35,13
nh0027,317,121,41,45,53,15,16,71,20,22,19,55,59,35,30,33,59,60,451,394,95,22,176,112,28,124,53,99,67,41,29,38,25,38,14,26,184,171,35,41,57,41,20,47,37,13,30,39,22,30,30,47,27,25,73,23,33,6,26,36,52,18,56,80,32,15,57,16,21,27,40,38,33,27,21,48,66,96,20,22,12,14,30,19,47,31,47,33,97,74,49,70,18,27,21,25,26,34,20,29
nh0028,285,216,34,66,11,25,10,89,40,11,11,42,51,16,17,23,6,9,364,389,63,39,136,26,43,249,90,46,58,50,17,26,8,9,22,14,117,154,21,39,27,52,12,21,6,13,10,17,24,13,3,20,41,58,160,11,31,21,18,17,49,23,54,73,5,15,26,12,17,35,20,71,49,18,13,29,72,106,5,48,22,31,22,28,13,6,28,7,46,45,18,77,16,32,52,11,26,25,52,6
nh0029,489,200,48,96,16,17,18,60,15,22,41,101,105,73,25,76,29,22,955,907,326,13,369,41,30,200,133,53,51,36,12,39,3,31,25,6,523,532,184,147,51,134,81,46,24,15,93,79,11,79,120,36,8,105,74,76,79,10,32,38,73,74,94,99,49,9,45,25,22,31,21,51,63,45,48,43,125,249,61,32,36,44,33,12,101,19,83,37,139,211,87,231,157,179,71,21,64,259,32,49
nh0030,277,159,14,46,8,8,9,29,9,22,14,48,54,23,6,28,8,13,411,392,100,6,181,10,11,74,46,30,42,19,4,14,3,3,12,7,233,213,58,58,26,48,26,16,19,8,38,23,4,50,66,15,10,28,48,44,17,8,23,38,42,43,60,50,24,8,29,7,5,16,12,40,32,36,24,33,66,137,19,7,8,15,20,17,16,6,31,23,82,81,28,119,57,77,38,10,34,125,17,44
nh0031,335,153,35,111,2,3,0,24,21,12,11,49,46,36,7,44,26,13,423,499,171,10,323,0,8,77,57,50,41,18,10,20,5,20,16,1,229,265,107,70,36,83,42,28,19,16,17,16,11,24,47,6,10,32,62,8,79,16,29,3,89,28,81,85,3,9,52,28,8,35,6,69,22,29,48,1,84,135,2,11,16,21,12,15,67,12,62,25,213,150,76,155,67,103,42,23,40,107,24,4
nh0032,365,118,30,109,7,7,6,46,27,11,10,93,102,51,14,76,22,28,622,547,197,17,290,29,13,137,92,66,76,18,10,25,11,24,28,4,346,293,70,112,46,87,40,56,30,3,55,45,6,51,66,20,7,66,84,73,57,18,34,22,78,82,79,73,81,9,48,11,15,21,22,68,38,36,39,42,107,166,38,23,15,20,34,18,49,7,61,30,199,183,55,169,71,90,56,22,68,110,31,42
nh0033,266,182,75,227,1,12,4,30,37,8,20,71,84,40,5,46,18,21,527,506,241,13,372,4,9,62,54,45,46,17,8,36,8,46,13,5,296,297,131,127,30,69,37,41,35,13,48,48,16,30,58,11,8,72,80,45,99,22,40,7,72,78,79,99,77,10,54,14,2,19,13,61,23,19,48,8,123,110,20,12,11,21,20,13,62,5,69,21,176,132,45,137,100,165,44,25,56,117,18,30
nh0034,251,132,19,29,23,25,9,37,8,28,5,40,44,16,9,18,26,17,286,252,60,18,88,36,42,118,54,72,53,11,6,12,5,20,25,8,131,111,26,28,33,31,11,68,38,36,27,12,18,17,6,22,19,23,160,31,13,14,48,30,48,14,49,43,34,14,55,13,7,34,11,64,37,28,13,48,96,110,12,22,23,16,18,29,10,16,22,14,68,36,17,45,13,14,28,22,40,30,6,14
nh0035,1125,428,100,142,43,78,28,234,50,63,24,193,173,62,182,92,128,146,1366,914,266,73,388,87,190,396,179,157,122,67,85,49,97,48,144,84,353,279,96,74,177,120,60,65,74,113,45,38,62,73,35,86,96,21,345,31,76,38,108,95,81,110,146,126,62,60,258,56,60,98,119,220,156,116,100,177,269,289,108,134,63,52,89,54,86,67,115,100,395,157,79,182,64,78,99,83,179,166,58,77
nh0036,602,327,42,144,44,33,20,127,32,41,28,97,92,46,34,48,19,15,621,527,126,47,205,36,130,200,83,70,45,47,37,35,20,35,58,50,277,242,53,53,49,92,21,28,23,83,65,54,32,56,28,31,23,26,343,51,18,67,69,96,129,100,129,138,69,33,73,23,44,44,58,57,185,34,28,122,241,203,19,112,67,48,46,90,40,30,99,59,144,53,46,63,22,48,86,40,119,119,22,37
nh0037,820,352,66,142,52,36,21,126,40,34,49,151,119,65,80,53,67,67,829,713,183,73,286,36,166,202,69,89,80,89,22,38,59,17,57,62,266,292,79,67,169,80,39,66,55,87,32,95,38,61,45,63,51,25,281,21,52,34,65,74,88,111,143,123,28,64,150,53,55,73,129,176,135,108,73,97,228,294,96,81,69,50,73,87,69,48,108,90,318,107,87,105,53,66,57,87,242,120,26,59
nh0038,624,314,64,79,14,33,7,182,46,46,37,84,75,32,21,55,64,54,409,424,114,36,160,6,71,238,84,97,69,36,14,39,30,19,37,4,224,260,53,60,92,149,40,57,62,44,19,82,19,27,39,82,27,51,154,25,24,46,42,23,90,53,59,99,30,31,52,36,51,25,102,107,104,73,37,29,152,207,9,45,45,39,72,77,39,47,84,53,61,72,60,98,30,56,61,26,110,118,55,35
nh0039,161,124,28,36,3,15,4,42,26,23,5,35,22,19,7,7,12,11,251,271,61,10,120,13,20,99,44,28,33,18,6,17,6,20,9,11,156,147,42,47,43,50,18,33,28,10,20,14,11,12,11,21,6,27,62,14,9,14,22,20,23,9,53,55,24,6,22,23,9,23,39,27,31,33,8,24,62,38,3,31,21,23,28,20,40,13,31,12,65,37,40,45,18,19,21,18,34,26,16,14
nh0040,122,57,21,29,2,4,11,30,6,13,1,24,19,12,6,8,7,7,208,121,57,4,75,25,15,59,38,51,37,9,12,7,12,7,6,1,63,51,12,13,17,26,14,11,8,4,8,3,12,9,7,5,5,7,10,11,5,6,8,3,10,9,22,25,4,7,24,7,3,4,6,25,18,2,7,6,21,33,2,10,11,12,2,9,8,5,15,10,44,23,14,28,13,17,4,4,11,17,10,5
nh0041,191,70,18,24,12,6,4,36,18,5,5,14,22,5,6,12,18,20,193,153,26,5,49,24,11,77,30,56,43,16,7,4,14,3,12,0,82,54,18,17,10,24,18,29,18,1,12,3,7,11,14,17,2,9,6,13,8,6,9,4,5,1,13,13,6,11,13,12,5,4,8,24,13,10,8,26,8,31,8,32,7,17,6,5,10,16,14,4,24,36,17,31,8,25,9,2,15,27,18,3
nh0042,400,180,39,78,17,22,13,37,11,40,3,68,54,34,20,37,37,26,445,283,102,10,162,21,50,41,29,86,75,39,20,19,11,27,56,21,212,202,72,67,75,45,16,52,43,29,13,8,26,17,15,4,30,32,99,9,38,28,63,19,94,18,60,42,11,36,77,54,38,91,25,49,50,34,59,54,111,191,28,34,18,30,16,32,42,27,84,36,95,79,55,64,45,55,54,27,150,79,13,22
nh0043,157,72,11,18,20,5,5,42,8,15,5,27,14,5,2,10,20,11,168,116,35,5,44,44,14,61,16,47,40,16,9,10,8,4,8,1,91,65,10,14,12,30,17,15,16,2,9,4,2,21,14,16,4,7,9,9,4,8,13,8,9,2,11,11,14,4,19,8,2,8,9,21,3,14,7,30,14,22,14,21,10,16,3,4,6,4,10,6,22,31,21,27,9,16,6,7,17,13,14,6
nh0044,187,74,11,12,0,11,6,53,9,10,8,24,21,11,7,17,24,19,161,134,28,7,58,1,17,85,28,43,49,5,4,6,9,15,9,3,89,78,19,17,36,46,23,25,20,14,13,15,6,6,1,19,7,18,42,16,5,13,8,10,20,9,25,23,4,13,17,15,3,7,8,17,21,14,4,5,38,40,3,24,11,19,13,18,9,12,12,11,19,18,9,16,3,7,6,7,10,5,6,2
nh0045,351,141,15,36,12,19,30,64,16,23,17,41,38,12,47,19,17,22,260,168,42,8,83,42,51,155,90,84,68,27,13,11,17,17,31,4,103,88,21,23,59,64,23,17,24,28,5,20,24,8,10,21,28,18,46,5,27,54,9,17,19,11,57,48,10,34,51,38,9,16,18,68,42,20,12,32,56,81,6,29,31,18,12,21,7,34,49,14,15,48,36,26,12,7,18,30,13,23,23,5
nh0046,410,271,37,67,11,37,21,71,18,18,30,92,83,21,22,17,24,25,543,512,99,14,150,15,61,144,72,39,40,67,34,28,38,13,38,35,222,281,45,48,46,57,21,35,23,26,41,53,71,47,18,25,17,9,103,47,33,31,24,33,78,28,41,72,35,46,87,63,22,20,13,91,74,17,31,22,143,108,18,29,26,32,16,57,42,8,86,35,126,152,68,149,53,36,76,25,46,103,24,15
nh0047,494,295,53,78,13,28,19,118,36,32,47,109,81,39,18,37,45,23,585,543,90,30,160,31,79,212,77,71,52,50,24,36,25,17,51,34,317,355,38,61,55,88,20,34,30,54,44,89,48,48,14,74,36,38,193,62,32,41,37,63,150,24,51,78,60,34,99,38,36,29,35,131,97,17,36,46,217,201,32,40,41,41,40,66,55,7,87,39,134,144,57,135,43,50,121,31,62,147,32,25
nh0048,317,250,31,52,69,40,31,47,16,17,30,70,70,26,16,19,15,12,376,382,86,28,99,196,103,114,51,58,38,45,30,22,31,41,66,14,189,213,40,26,69,44,22,26,24,23,24,39,32,21,28,21,49,28,165,34,28,52,31,100,66,51,53,57,18,44,98,76,44,17,33,123,34,30,19,129,202,119,104,20,23,16,10,23,20,7,86,57,111,120,81,121,33,37,95,31,60,52,34,65
nh0049,669,499,73,104,94,78,48,223,44,63,186,140,104,32,36,52,55,70,703,732,183,68,230,124,199,260,106,133,116,163,35,74,66,58,115,38,308,423,56,64,149,144,39,94,78,44,53,325,32,65,69,138,61,37,366,52,48,63,87,108,110,63,93,102,63,51,112,56,70,81,123,158,148,50,37,187,307,273,113,75,68,34,72,34,76,82,157,79,195,166,116,215,54,85,166,59,191,263,67,64
nh0050,327,185,45,55,11,27,13,53,24,27,14,38,51,20,25,18,18,27,341,332,116,37,136,21,49,106,35,80,43,42,28,22,10,28,25,12,159,128,30,34,34,51,18,31,22,18,16,37,26,19,10,29,19,7,90,31,24,27,30,30,57,24,39,36,20,27,52,20,11,28,22,55,25,22,23,20,79,124,11,33,35,17,30,25,37,30,73,31,94,49,33,71,19,38,41,28,29,79,15,17
nh0051,622,360,83,149,49,42,45,280,80,58,18,64,96,51,31,94,47,69,549,588,164,35,213,54,105,438,154,148,133,49,53,51,35,39,63,26,398,369,70,71,85,267,88,82,66,11,53,61,81,48,38,31,98,77,271,97,52,33,57,31,97,52,77,96,81,37,65,42,48,44,77,150,107,70,49,60,178,268,30,71,40,44,46,70,67,48,125,48,174,93,87,123,35,55,51,37,54,141,75,15
nh0052,574,345,118,75,40,37,44,115,63,29,57,91,75,29,20,49,34,44,647,593,156,72,241,59,105,224,59,89,100,88,31,48,12,24,33,32,359,336,89,79,67,81,21,78,53,21,18,89,39,19,28,42,12,55,250,33,18,67,115,97,100,65,99,64,83,75,85,79,23,46,25,94,70,30,30,85,186,109,40,68,40,48,20,29,29,23,183,84,242,108,132,121,59,58,70,59,112,158,37,41
nh0053,840,375,53,113,7,53,74,183,19,47,32,115,151,28,44,47,58,91,725,417,49,32,183,19,116,250,70,110,107,39,16,25,42,25,91,40,273,222,49,39,58,130,31,41,63,23,64,16,9,67,60,57,26,46,163,20,46,26,13,32,103,76,102,109,21,39,116,41,61,34,147,80,158,110,31,50,177,220,31,76,44,22,107,79,37,53,71,39,64,112,34,94,18,34,64,25,100,169,56,52
nh0054,985,434,100,190,32,112,65,331,123,69,63,200,162,55,66,94,92,80,864,536,115,108,179,58,291,361,105,143,246,145,34,56,90,28,116,0,375,287,63,44,79,200,68,80,41,160,56,65,40,21,47,30,41,102,573,21,101,115,68,54,236,203,158,135,52,54,186,81,116,65,211,184,240,205,79,91,458,383,111,118,110,67,173,120,93,28,148,71,154,196,75,196,51,98,176,54,192,205,57,95
nh0055,712,277,43,122,9,44,26,111,58,45,14,106,98,46,39,33,43,36,674,364,82,57,195,18,132,116,87,64,113,34,19,48,55,8,83,11,244,173,61,42,46,70,25,29,18,72,26,10,15,19,58,19,30,32,256,3,88,44,21,23,134,114,106,85,15,36,189,44,71,16,112,78,83,75,76,20,286,281,27,71,55,47,75,87,67,33,69,45,89,112,52,73,24,53,71,20,97,110,25,30
nh0056,663,289,54,146,24,75,32,170,73,57,20,107,99,55,52,55,54,76,539,411,101,65,205,25,153,193,110,87,138,62,23,57,62,9,80,4,282,171,48,48,57,106,43,57,39,89,29,44,29,29,57,13,47,63,349,15,86,80,37,41,152,138,143,109,38,49,143,57,101,36,162,113,148,128,76,62,340,293,47,104,78,49,110,94,76,39,90,52,96,111,38,104,29,67,100,39,157,120,27,51
nh0057,277,157,70,61,24,24,19,63,9,37,3,75,65,24,20,14,33,15,457,394,97,22,154,71,60,94,48,105,69,23,21,19,10,30,42,9,156,138,37,47,62,49,7,45,45,19,11,7,27,26,6,16,24,41,158,23,22,27,25,32,66,21,49,67,30,28,59,21,9,47,9,60,40,38,13,83,111,136,4,31,29,27,3,51,21,27,65,16,74,63,23,51,15,17,43,27,51,37,9,2
nh0058,350,169,45,50,0,13,10,43,15,12,27,47,53,17,13,22,21,11,247,250,64,18,90,0,20,85,47,41,40,14,6,13,8,13,32,6,127,114,28,46,18,38,17,32,27,9,14,41,12,11,16,25,20,19,61,13,18,20,23,12,39,21,42,58,12,23,16,11,11,10,22,47,29,18,22,15,59,81,14,38,30,34,10,6,12,15,32,29,54,45,38,50,13,20,25,16,20,24,21,13
nh0059,262,153,43,64,5,2,13,74,38,37,3,66,82,25,15,38,31,29,365,254,92,15,186,13,35,133,94,82,48,11,8,12,10,6,54,4,181,159,56,57,14,60,29,77,29,5,21,15,19,26,12,29,21,19,59,29,48,11,7,12,27,16,70,47,9,9,30,26,8,7,59,39,69,45,15,25,55,135,3,12,29,27,48,30,44,18,39,28,155,46,38,55,30,43,19,29,72,26,18,3
nh0060,385,162,42,81,11,23,29,59,25,51,12,91,70,37,16,34,43,38,470,366,114,23,203,12,66,155,58,131,90,24,34,21,18,40,52,13,222,222,52,56,74,51,28,61,37,25,32,12,22,33,10,36,36,16,104,30,44,27,27,20,57,30,79,85,33,30,88,24,23,32,29,79,71,35,40,36,117,171,18,33,42,50,21,34,46,22,42,20,56,65,46,50,18,27,38,20,35,41,21,14
nh0061,189,139,32,52,5,8,10,57,22,14,10,24,31,9,9,13,13,8,203,162,51,11,83,15,25,82,23,38,27,17,11,10,12,13,18,24,81,76,16,23,38,40,5,15,10,8,8,10,16,6,18,5,18,18,39,7,9,9,6,11,25,12,32,26,7,10,31,12,9,4,20,40,27,12,18,31,23,68,19,26,14,16,21,28,7,19,26,10,31,47,16,41,15,23,14,10,15,48,13,10
nh0062,106,57,22,19,6,6,0,31,8,6,12,17,16,4,7,6,7,16,94,101,32,3,22,14,12,42,12,25,17,25,8,7,2,4,11,7,58,48,9,9,12,21,7,12,9,6,13,18,4,8,4,10,6,7,27,10,4,5,16,11,9,2,14,12,7,8,6,3,6,11,3,16,16,14,3,11,28,37,4,11,13,8,5,2,6,6,12,9,17,17,12,27,13,3,15,8,4,24,8,7
nh0063,683,343,90,167,42,67,35,155,69,49,69,124,128,61,56,42,55,46,515,593,140,50,235,71,151,258,117,97,83,58,43,27,35,35,119,164,270,298,62,66,113,116,52,58,42,38,37,104,35,49,15,53,58,51,267,37,100,86,58,32,96,150,72,90,46,50,70,53,39,67,68,134,213,68,62,132,228,360,59,44,42,42,37,116,38,39,80,51,59,61,58,79,27,41,84,57,72,128,39,64
nh0064,611,231,56,133,41,38,41,171,44,56,19,85,80,38,31,63,62,74,623,513,123,31,200,50,79,228,74,161,120,57,59,37,42,27,71,34,253,239,59,57,109,89,22,77,53,33,38,36,33,18,47,42,26,46,177,27,34,45,34,30,67,32,73,73,42,52,111,50,38,26,60,88,100,30,37,83,95,251,30,59,50,33,48,39,59,36,113,25,82,97,40,95,29,64,57,43,96,65,24,12
nh0065,190,108,29,28,43,7,17,61,16,20,15,27,38,15,17,29,35,37,204,221,60,7,57,66,13,105,17,53,55,29,12,18,10,16,16,1,97,76,16,23,46,57,10,37,29,7,9,26,22,16,12,13,12,24,37,8,3,16,8,7,20,8,17,48,8,13,26,16,22,5,23,42,22,10,9,30,20,68,17,17,9,10,33,5,9,17,29,8,33,24,10,49,10,17,11,11,32,34,16,6
nh0066,1379,606,139,249,63,114,168,295,69,143,114,269,245,54,163,78,86,64,1183,1071,247,103,531,93,409,408,160,230,168,137,101,77,166,125,196,28,516,485,94,124,266,183,34,108,105,103,52,129,106,31,34,74,76,68,625,71,135,228,56,70,208,188,222,252,5,171,391,172,153,112,263,279,434,73,106,171,604,494,120,166,135,68,121,200,212,104,150,65,167,160,124,114,24,70,187,81,229,99,30,66
nh0067,354,146,23,41,12,8,23,94,28,44,31,58,66,16,14,46,39,27,453,319,90,13,129,18,33,218,80,103,68,25,20,16,22,15,41,24,187,163,44,33,49,63,28,59,48,15,30,28,10,23,14,11,19,19,47,28,13,12,24,33,45,13,63,67,21,24,40,22,18,17,28,31,52,25,10,22,78,104,12,46,20,45,21,26,15,14,65,28,97,80,47,60,18,21,40,31,35,23,24,16
nh0068,579,353,102,121,41,36,32,100,35,26,59,108,85,34,28,46,37,46,627,574,138,41,185,26,80,175,57,120,60,61,21,38,9,28,24,18,290,281,59,80,60,62,22,44,38,23,18,90,51,21,37,60,37,35,201,60,23,46,87,93,83,62,76,83,60,60,64,45,43,50,28,95,84,29,18,60,182,125,35,60,29,28,13,52,31,14,103,46,137,100,47,116,34,53,84,29,75,80,26,55
nh0069,1709,910,231,397,91,83,74,316,140,155,69,217,190,95,36,96,88,116,2301,1922,377,44,736,183,159,513,221,282,260,237,105,80,47,140,91,154,919,678,215,270,195,228,110,159,130,81,59,115,79,80,116,83,69,55,251,42,80,87,125,74,191,76,251,234,22,92,277,61,66,85,77,239,102,102,117,119,264,429,72,128,90,103,112,107,102,114,180,71,270,272,96,293,89,135,103,36,129,304,83,162
nh0070,287,132,36,52,1,19,12,69,15,6,9,49,64,35,14,25,10,6,371,438,85,14,134,4,66,106,50,62,37,38,17,22,24,13,28,0,129,127,21,48,41,38,25,18,25,3,22,40,20,7,24,22,8,16,50,10,19,17,3,5,48,18,65,71,15,32,32,32,23,7,21,50,60,9,22,7,71,100,8,45,30,35,14,43,15,11,46,18,75,50,34,38,18,35,29,20,63,32,19,5
nh0071,157,73,22,21,44,15,11,25,14,8,6,28,35,19,20,15,7,5,291,222,124,12,97,117,49,52,40,18,24,12,11,21,7,23,18,1,94,58,24,51,90,37,17,19,9,11,5,34,10,5,16,14,8,17,56,8,18,27,5,18,18,18,44,58,23,23,29,36,9,4,17,36,17,11,18,61,50,76,23,11,12,14,13,9,28,10,40,22,69,40,23,50,31,26,20,14,59,5,14,11
nh0072,660,278,47,102,61,56,46,169,44,51,25,98,98,39,28,34,30,28,476,403,79,19,149,91,125,212,117,124,81,59,26,24,50,23,102,29,227,230,32,57,81,109,70,69,27,55,40,26,35,40,27,70,31,29,196,39,65,33,31,43,78,42,81,77,44,43,106,38,19,25,65,108,105,82,42,89,139,211,77,113,63,57,45,50,40,43,90,50,77,103,57,63,28,37,54,25,87,86,37,51
nh0073,116,47,16,18,9,4,6,47,11,16,12,12,20,10,2,3,15,11,146,85,26,7,50,18,10,50,15,25,38,10,5,15,3,11,18,5,82,50,15,17,33,18,4,13,18,11,2,16,5,3,13,5,11,12,35,9,7,14,7,7,20,6,13,16,10,14,22,9,9,14,1,25,5,8,11,15,19,37,10,7,10,11,9,2,11,13,30,5,5,15,14,28,18,12,4,14,25,22,15,7
nh0074,140,55,18,25,0,11,3,32,4,13,2,30,32,14,4,11,15,8,138,135,34,6,60,0,33,39,21,35,24,5,7,10,1,11,22,2,76,47,21,19,8,18,6,15,15,1,6,4,10,10,9,10,7,2,29,8,13,7,2,1,22,3,21,25,7,10,17,6,9,4,4,20,30,33,13,0,32,62,1,31,26,27,4,23,3,9,15,21,49,30,21,13,9,16,8,11,11,36,6,1
nh0075,107,75,23,24,5,7,8,17,11,6,7,21,14,9,4,6,11,6,119,140,69,13,51,2,21,49,24,20,23,19,7,8,3,6,8,20,66,79,26,18,15,13,6,15,6,7,0,15,5,7,6,3,2,14,44,8,1,14,26,19,23,12,15,31,16,13,15,13,14,13,3,33,23,10,12,7,43,28,3,9,9,13,6,8,6,6,28,10,61,31,18,25,16,19,30,11,29,27,8,10
nh0076,578,276,61,92,14,40,15,128,50,31,22,122,122,51,23,52,32,29,695,594,141,35,193,44,87,226,106,174,119,48,46,27,24,36,75,11,344,269,45,77,64,106,35,85,38,43,42,40,42,23,39,19,32,28,225,37,23,43,48,41,108,52,109,122,17,36,93,43,32,33,32,85,92,40,26,56,148,173,37,49,49,58,33,70,24,28,101,38,79,121,33,103,30,33,68,33,47,76,16,38
nh0077,944,382,74,160,76,69,49,228,66,64,38,188,173,71,74,85,64,34,880,588,175,44,272,87,146,346,116,124,99,55,49,56,37,84,144,117,362,321,72,94,132,176,71,67,35,32,35,63,46,56,25,59,75,59,355,66,113,80,96,83,119,191,93,97,83,125,166,114,45,68,54,184,165,78,92,188,226,328,92,62,53,37,40,105,39,42,106,69,62,80,66,129,51,77,84,74,82,129,40,75
nh0078,213,99,37,32,5,3,5,43,16,15,0,35,34,16,10,15,18,15,212,184,57,9,100,10,16,44,35,53,32,7,9,17,9,2,12,10,85,82,28,34,31,37,5,21,14,6,18,18,12,12,19,15,5,19,22,8,13,6,12,13,21,4,44,27,9,17,37,16,16,17,16,14,25,14,13,19,33,78,3,18,12,12,8,18,12,19,29,21,42,45,17,45,18,18,28,9,50,32,9,8
nh0079,151,62,21,33,7,6,6,24,9,18,6,35,20,10,10,8,20,15,191,127,45,6,85,17,18,36,16,22,22,2,6,12,7,12,24,9,80,93,24,16,44,21,18,17,15,10,9,14,5,15,8,12,9,20,36,9,23,5,11,9,20,6,28,17,2,15,19,9,22,18,10,23,25,12,12,23,41,51,7,11,8,7,7,15,22,13,29,12,42,20,17,26,15,21,25,8,46,27,8,7
nh0080,634,370,98,152,10,70,24,124,59,60,35,119,113,62,43,81,37,19,678,561,204,55,292,17,158,217,148,87,65,51,51,22,7,29,88,5,387,323,108,122,96,143,58,80,32,29,32,77,51,27,30,42,72,24,287,46,84,52,21,55,115,52,78,91,60,115,124,99,14,62,31,170,121,59,71,70,226,332,37,79,56,55,11,133,44,32,161,84,229,123,135,111,74,98,60,97,155,125,42,18
nh0081,562,255,43,104,16,54,30,175,54,44,36,77,79,37,15,90,44,38,620,454,88,8,170,21,115,305,98,106,75,74,35,17,35,16,34,13,276,299,54,54,50,132,46,68,65,21,37,46,33,38,31,45,29,27,86,47,11,31,33,26,64,65,83,100,24,33,63,54,31,20,27,60,100,22,20,20,91,154,26,64,49,44,36,117,44,28,98,34,112,77,63,92,28,38,40,30,42,84,45,21
nh0082,167,112,22,6,10,18,8,63,15,13,7,28,43,32,30,32,26,28,154,227,69,10,55,10,41,151,92,40,61,8,11,20,11,7,8,0,119,73,21,34,36,62,38,46,17,9,16,20,14,12,15,26,28,13,20,24,8,9,24,21,31,13,41,53,11,11,23,12,9,6,56,77,46,23,6,15,44,118,6,22,43,21,47,16,20,15,21,31,84,35,29,45,15,22,12,22,45,48,8,13
nh0083,178,93,24,54,15,8,6,29,6,11,2,43,27,16,10,13,10,12,292,253,98,17,156,16,33,36,23,48,39,18,23,8,13,27,22,50,158,110,33,37,38,30,15,25,29,17,2,3,21,10,5,3,20,18,96,7,60,12,30,12,38,20,19,30,28,9,62,28,6,17,18,45,19,6,30,26,73,110,11,18,5,18,14,20,54,37,26,9,47,44,27,21,15,23,23,12,28,17,7,12
nh0084,592,318,73,147,12,21,15,124,25,67,27,119,106,50,22,40,35,30,847,660,222,20,362,10,31,232,82,154,111,97,43,27,51,44,23,23,352,371,105,122,42,135,45,61,38,6,52,40,26,52,37,48,12,40,78,72,24,13,9,9,50,28,110,126,13,20,108,19,16,15,37,76,68,12,39,7,78,92,10,115,69,84,19,44,60,28,107,19,171,144,36,130,44,63,37,16,64,47,63,6
nh0085,836,364,90,120,112,33,64,94,47,107,21,113,121,38,61,30,73,42,958,693,158,44,235,271,188,261,98,266,186,64,33,59,24,69,61,22,363,337,56,107,195,129,49,151,86,54,37,42,48,54,56,42,37,67,276,40,49,46,64,110,65,55,55,92,45,67,145,103,33,61,70,96,111,39,39,327,197,283,151,97,73,84,41,26,88,47,120,57,169,130,80,121,34,51,108,45,124,70,33,145
nh0086,501,219,27,88,3,3,9,69,21,29,2,79,100,36,29,96,57,46,511,351,109,2,163,4,12,141,93,110,66,8,17,25,17,5,15,0,250,245,80,61,23,124,45,97,79,2,28,8,14,7,48,16,10,11,21,34,13,24,0,2,54,13,107,93,8,20,42,10,7,6,5,48,24,31,36,0,19,76,0,78,62,151,6,41,11,22,69,22,76,96,54,69,24,51,16,15,13,12,49,0
nh0087,93,77,14,34,16,5,3,36,10,7,3,13,18,9,3,15,6,5,148,155,39,7,55,29,21,61,24,31,25,17,5,3,6,9,20,2,59,42,15,26,18,23,5,2,4,3,9,3,5,9,7,5,12,17,41,14,16,13,19,16,19,6,16,25,6,4,20,9,7,15,3,44,26,8,7,19,30,33,17,7,14,5,4,4,12,6,10,6,34,32,18,29,14,17,8,11,20,7,7,18
nh0088,348,107,29,42,1,23,25,76,22,8,14,64,58,8,43,29,21,12,316,247,80,32,134,2,130,182,62,63,52,49,29,30,37,30,62,85,195,165,30,53,69,69,13,43,27,6,22,36,43,29,17,11,39,25,136,27,28,115,2,7,77,34,30,37,26,42,76,53,73,6,62,84,110,15,33,2,176,115,1,51,50,51,55,79,36,39,72,44,139,63,75,73,34,28,47,48,78,44,30,2
nh0089,426,295,91,95,85,19,21,56,27,21,46,86,52,22,16,33,23,24,573,491,139,25,211,157,85,106,65,106,68,54,17,41,9,33,23,75,265,299,78,92,70,46,23,76,46,15,13,66,26,16,38,38,17,61,162,49,20,37,92,114,52,75,52,76,56,52,76,38,23,46,10,98,56,15,39,155,199,94,43,31,21,26,5,19,45,18,84,33,120,100,77,91,32,46,94,37,107,83,9,37
nh0090,1631,889,229,414,65,110,61,327,84,74,198,285,265,134,58,144,132,156,1640,1369,368,111,583,84,270,366,155,193,182,254,55,145,101,54,159,72,808,887,192,178,155,249,99,167,139,54,139,286,82,139,96,151,92,103,558,101,121,184,81,96,217,179,215,215,52,70,197,88,130,89,203,195,265,167,109,155,465,511,72,103,108,85,90,143,82,111,337,207,403,331,226,277,158,233,316,103,266,378,87,42
nh0091,156,91,16,19,2,11,11,41,5,16,7,23,25,7,5,10,7,10,200,145,33,5,61,5,22,77,19,31,11,38,10,11,8,9,20,0,54,68,16,20,27,35,14,16,8,16,3,10,12,12,9,4,6,5,56,4,5,29,11,13,20,4,27,17,1,12,48,24,18,19,16,32,17,23,13,8,45,46,6,19,18,7,10,18,8,12,19,22,40,37,23,26,8,14,21,20,32,34,16,20
nh0092,656,426,134,140,109,59,37,193,83,70,58,103,113,49,45,60,50,56,645,621,232,40,246,168,227,299,143,123,186,105,53,46,27,46,106,3,285,334,50,70,238,126,71,99,75,44,7,85,56,31,50,31,78,68,199,26,88,99,73,109,139,84,61,85,4,67,121,104,43,54,76,171,122,63,50,201,284,322,71,94,79,51,64,60,40,67,160,44,244,94,85,133,75,60,137,50,132,140,53,64
nh0093,193,102,28,52,5,11,11,56,25,17,16,35,27,11,12,25,10,9,284,270,69,8,140,21,32,111,58,31,30,14,11,22,6,7,30,2,88,84,28,29,61,40,17,8,14,4,2,31,21,5,32,10,15,18,12,13,15,3,10,6,18,17,39,43,0,12,42,14,3,6,12,34,19,14,18,7,28,59,9,6,11,12,6,7,14,17,18,4,42,35,8,38,18,24,3,4,13,18,8,7
nh0094,334,154,30,48,7,13,22,99,16,11,13,55,36,21,17,35,11,11,506,363,70,10,177,7,31,121,54,72,35,34,14,26,25,15,27,7,128,134,17,25,29,61,17,25,20,7,28,29,13,23,20,13,8,28,71,34,22,10,12,11,25,15,42,43,5,20,72,25,14,19,17,36,31,32,23,14,58,63,7,38,20,17,15,10,31,42,38,17,93,71,37,54,16,33,20,19,56,25,52,7
nh0095,226,127,34,36,7,17,8,110,27,18,35,30,40,8,18,35,6,11,328,309,79,10,98,6,30,198,67,39,46,14,11,29,10,23,20,5,112,72,17,20,29,74,30,31,23,17,13,25,17,12,13,14,7,22,65,11,7,7,17,7,39,11,26,32,9,16,41,10,27,10,17,65,38,26,14,8,59,78,5,23,17,22,18,21,23,19,34,15,85,38,21,60,16,14,18,16,54,35,28,11
nh0096,146,77,7,24,7,14,12,55,17,25,7,14,16,4,6,8,14,11,149,99,33,2,39,17,20,62,19,24,21,19,7,11,13,10,18,1,73,43,4,9,21,28,9,9,7,4,17,19,6,11,15,11,7,18,32,6,3,3,11,17,10,6,28,29,7,8,13,10,9,9,23,34,28,12,7,26,41,49,12,17,10,7,10,4,21,6,23,7,32,18,8,32,5,16,17,13,23,34,19,6
nh0097,524,282,91,150,30,54,28,132,59,28,54,101,94,62,27,38,24,27,546,492,116,40,236,48,154,112,47,64,46,82,23,41,37,11,78,20,262,264,66,67,150,67,28,45,42,63,51,70,30,38,33,37,55,19,245,29,118,91,40,35,104,123,70,83,26,41,106,60,74,44,74,70,85,60,56,92,221,448,48,68,76,44,37,94,111,39,75,48,92,99,57,48,23,53,50,35,88,85,14,38
nh0098,640,311,99,83,85,61,36,257,35,44,64,120,98,23,36,45,42,29,650,484,125,34,121,133,88,250,41,119,77,80,48,84,31,46,98,47,262,189,24,41,88,105,19,66,36,50,13,22,43,61,27,14,68,63,294,35,48,38,77,42,95,71,51,54,13,57,147,67,51,78,43,183,92,69,34,136,250,178,95,52,50,20,15,48,56,34,123,37,109,110,52,119,27,35,85,23,232,68,55,47
nh0099,160,95,14,32,10,13,4,42,22,22,5,28,39,17,5,26,13,14,233,227,69,7,100,23,15,111,38,46,70,20,9,15,3,9,6,1,157,108,34,52,41,36,14,17,23,7,11,11,8,20,29,22,7,17,25,26,2,11,13,25,26,18,30,48,31,8,30,8,8,5,13,29,12,5,12,18,36,63,2,14,9,22,14,6,20,6,21,10,38,50,31,63,44,49,12,15,27,25,22,17
nh0100,279,142,22,56,36,21,14,45,11,19,25,45,54,11,7,17,16,14,299,316,51,13,94,84,45,107,42,55,39,24,11,24,23,21,26,1,174,135,23,44,29,34,10,38,23,2,21,47,14,20,23,35,15,26,58,12,20,16,7,23,23,34,47,53,13,15,20,7,3,3,43,50,27,22,11,77,56,64,24,26,15,10,16,8,21,13,35,9,57,72,22,79,32,47,28,12,8,24,24,22
nh0101,717,373,101,136,15,44,49,258,98,51,20,65,105,51,38,97,38,41,629,589,190,40,297,23,95,470,191,171,170,74,46,41,70,42,76,12,364,340,80,101,61,261,91,113,80,18,52,37,58,30,12,30,64,99,223,97,74,33,43,17,63,25,112,139,48,33,69,57,24,32,46,128,93,41,60,25,133,253,11,128,71,113,22,95,76,34,150,54,159,117,101,161,47,60,34,50,55,88,85,6
nh0102,336,274,34,55,13,32,18,99,43,33,19,53,81,22,32,24,17,18,332,465,122,23,95,31,96,200,74,53,37,26,27,23,26,27,36,15,157,138,25,25,73,59,19,28,29,29,57,35,40,28,26,93,11,34,143,29,12,45,34,56,65,34,52,84,32,33,39,31,18,31,33,99,92,17,19,47,117,114,52,49,42,38,30,53,31,11,60,28,84,61,38,84,39,24,41,29,41,58,22,59
nh0103,2581,1216,208,351,147,205,247,538,178,203,136,367,436,130,191,145,125,139,2457,2281,477,111,877,347,467,1049,368,469,395,171,189,74,180,190,336,119,1092,910,146,188,692,522,190,215,148,133,150,179,137,263,110,274,150,194,536,216,220,249,171,160,250,249,268,374,156,208,423,211,99,183,280,486,823,98,147,460,581,1087,174,235,196,105,132,157,228,187,331,133,764,437,214,507,115,166,282,121,450,402,169,129
nh0104,199,63,20,30,1,27,20,50,9,13,8,28,32,7,5,9,13,13,245,208,36,7,73,9,26,109,36,36,43,21,10,12,9,37,16,4,101,64,18,20,71,57,14,44,18,13,5,9,22,11,8,3,16,31,38,12,32,25,19,6,32,17,25,13,7,17,68,21,6,12,19,59,16,32,14,6,63,105,2,23,21,16,17,12,23,24,17,10,32,45,7,59,10,3,26,2,36,39,26,2
nh0105,345,186,56,89,17,16,7,70,24,16,23,80,73,28,36,25,34,43,423,373,103,21,175,17,60,112,56,68,55,56,25,45,26,13,23,11,174,203,49,47,37,54,7,43,37,17,26,35,22,28,11,16,9,23,87,23,38,35,22,5,54,36,40,33,12,26,70,41,42,23,48,42,41,41,26,22,91,101,9,30,26,29,17,33,57,29,93,38,140,79,55,79,40,52,48,22,60,57,29,11
nh0106,1481,698,130,198,57,93,87,303,67,127,47,231,200,46,66,51,67,46,2254,1348,266,92,444,129,273,540,190,326,252,152,63,53,51,44,78,288,709,617,105,109,278,285,82,158,127,65,54,82,93,74,67,103,57,41,438,36,56,66,93,65,136,110,120,153,46,77,405,111,97,71,151,203,176,61,59,117,260,532,97,227,174,190,116,143,112,78,128,65,125,230,124,129,38,54,146,101,184,125,80,122
nh0107,2644,1161,231,566,104,205,170,499,171,253,206,325,326,105,156,100,130,118,2577,2184,579,83,1068,157,419,709,309,469,370,329,176,136,177,150,292,3,1066,870,208,277,626,388,197,172,153,100,140,241,161,160,77,273,134,147,479,150,243,206,87,90,186,171,314,364,101,143,284,217,166,126,273,449,426,71,150,252,438,1069,97,202,152,94,181,108,220,196,295,90,646,427,232,485,148,248,181,94,419,468,165,59
nh0108,2139,802,279,358,328,247,76,577,207,121,67,341,317,159,182,258,130,130,1310,1127,338,90,546,418,456,648,205,278,178,141,55,110,94,63,242,169,798,808,132,128,231,282,105,291,125,58,129,171,85,158,62,104,77,55,645,81,114,250,146,380,362,519,278,207,86,206,220,137,117,142,66,236,424,271,121,570,691,715,166,191,200,105,50,307,134,156,369,216,147,255,206,227,45,101,453,230,246,437,72,261
nh0109,398,300,66,67,6,31,40,153,27,33,34,56,76,16,16,34,18,12,434,474,106,17,130,10,61,256,94,53,58,33,14,20,28,14,35,172,193,197,40,36,90,104,40,34,23,16,23,73,24,15,19,29,22,9,93,13,32,64,17,10,80,35,68,95,23,51,58,65,48,17,101,119,124,16,16,15,133,153,15,61,37,47,64,102,35,18,59,22,42,57,42,73,16,29,46,12,27,60,31,28
nh0110,378,185,33,47,54,8,16,61,24,21,11,36,45,19,17,25,22,30,431,300,89,7,104,81,20,89,41,83,84,17,7,24,7,20,15,4,161,115,40,41,37,53,26,53,37,13,17,23,14,17,36,22,10,30,26,43,9,15,9,21,16,6,44,47,14,14,38,20,12,7,15,46,9,16,14,92,32,61,27,38,30,28,9,2,15,25,40,14,45,51,29,77,20,30,22,7,29,33,20,9
nh0111,1102,569,156,270,66,66,52,255,109,112,55,228,221,93,35,93,75,68,1330,1217,279,28,572,114,115,393,190,251,203,129,59,56,49,50,75,127,517,523,147,148,81,134,76,124,87,80,61,94,59,76,101,107,40,50,168,53,49,41,71,56,104,48,193,177,27,52,166,54,51,50,75,165,68,86,88,101,171,269,37,112,61,103,61,38,85,85,140,57,176,201,63,188,67,129,95,22,105,245,65,79
nh0112,385,172,25,48,15,13,41,95,30,40,12,27,58,18,25,24,27,15,361,304,61,7,105,13,46,102,40,67,49,50,31,16,14,20,45,8,138,144,32,40,49,84,22,23,21,30,7,23,28,8,5,5,24,14,99,17,22,44,42,10,45,20,48,55,12,28,84,47,32,36,37,84,49,22,19,16,98,114,12,28,16,31,23,37,19,26,50,32,72,52,27,79,16,17,32,32,51,54,18,14
nh0113,348,157,50,55,29,19,13,130,45,31,7,38,56,15,11,35,26,22,382,275,67,8,108,62,48,237,72,109,69,33,16,30,31,24,30,24,140,133,21,26,74,75,31,39,25,10,31,29,32,27,35,25,41,30,43,49,28,19,27,19,28,21,27,47,24,24,56,24,15,18,29,73,53,5,10,47,80,134,21,55,43,27,25,21,28,20,63,22,80,82,40,86,22,16,35,11,53,43,45,15
nh0114,422,203,56,100,6,23,29,64,28,53,23,83,77,47,13,15,35,36,437,347,119,24,186,8,56,70,41,92,59,23,32,21,9,31,36,3,237,193,50,57,59,59,16,52,70,20,47,34,43,17,25,32,27,31,116,57,13,30,33,52,66,17,80,84,45,28,50,25,18,29,9,82,62,4,13,69,94,154,19,41,37,47,12,61,15,30,57,6,86,100,37,77,44,65,40,16,29,51,19,40
nh0115,1098,402,145,425,41,58,48,274,158,62,6,107,126,62,72,85,52,36,1185,707,218,7,601,79,162,589,322,175,96,203,83,50,86,30,68,31,365,306,96,99,152,176,90,50,38,28,39,9,66,46,68,7,46,36,78,57,103,46,36,24,92,76,122,127,17,59,114,73,46,32,60,109,152,56,93,62,229,362,16,133,97,94,50,42,116,94,150,53,150,153,69,129,39,123,61,38,187,92,62,14
nh0116,129,57,11,30,8,14,10,37,8,9,9,21,11,6,15,6,7,5,186,127,36,3,36,18,35,66,18,33,18,21,8,17,19,13,10,17,56,40,5,14,35,19,2,10,2,6,1,7,10,6,18,6,10,6,36,5,9,14,19,7,20,6,14,12,3,7,21,10,10,10,9,25,12,14,2,34,54,68,1,11,12,5,5,17,13,10,25,4,20,22,12,20,7,7,14,7,32,7,3,3
nh0117,434,159,37,73,45,15,35,74,23,31,18,61,49,20,25,24,26,27,423,284,75,12,123,96,66,179,69,83,46,47,16,30,42,40,30,15,139,113,33,34,104,78,20,31,14,24,22,23,29,19,30,14,37,31,87,37,26,34,43,42,49,29,62,60,36,29,62,39,25,31,26,56,76,11,19,55,153,132,27,29,27,19,10,27,26,13,60,23,60,53,28,58,16,25,40,32,108,40,36,14
nh0118,1044,842,138,208,45,99,40,256,76,68,98,227,250,109,84,96,68,69,1727,1545,427,90,525,63,246,469,181,164,147,129,114,63,82,51,129,106,758,633,123,135,140,198,59,89,66,144,131,134,146,131,53,138,60,51,374,90,46,71,120,153,262,99,256,299,95,94,223,78,61,97,88,225,260,60,77,164,396,476,108,82,106,74,64,170,49,55,131,64,320,193,103,217,77,82,159,63,136,189,49,111
nh0119,165,110,28,60,6,41,24,53,30,23,17,25,31,31,24,30,30,24,235,250,68,13,72,8,50,74,30,60,42,40,19,10,3,22,14,8,123,130,42,41,56,47,29,37,27,8,33,44,27,36,10,19,15,16,59,65,28,33,25,21,39,45,39,39,17,30,29,46,17,21,14,63,58,28,28,22,109,82,26,9,9,19,11,49,13,9,42,31,48,25,39,44,17,20,30,15,12,52,13,26
nh0120,1414,856,224,334,117,117,101,380,87,141,157,271,307,118,83,125,163,241,1422,1250,390,90,491,177,303,464,146,326,349,239,62,124,92,193,130,45,742,721,151,163,234,233,73,208,210,127,103,211,88,169,110,146,69,124,486,177,82,178,130,130,174,152,162,223,91,90,239,123,114,113,150,262,197,124,112,263,419,584,124,160,171,103,97,120,158,126,303,224,481,294,198,339,110,158,195,117,425,325,101,133
nh0121,263,137,43,82,4,27,13,64,30,26,34,40,58,32,40,12,9,5,195,196,57,13,93,2,79,93,37,37,26,23,11,16,16,5,13,1,133,122,28,41,38,47,10,29,16,5,27,49,18,12,16,6,10,6,80,31,20,25,14,31,46,34,33,56,14,20,34,24,12,12,27,55,110,57,27,28,72,85,14,36,40,22,20,53,16,8,47,12,62,51,22,45,30,39,29,21,69,28,12,32
nh0122,590,283,81,162,37,52,35,94,53,59,32,141,136,60,37,49,53,53,695,601,188,33,370,81,93,210,110,208,196,129,30,45,80,23,93,20,278,273,79,74,62,108,30,67,46,16,55,56,48,67,70,103,19,27,223,57,48,80,59,67,72,59,166,154,53,55,90,53,55,24,62,118,111,16,56,91,153,210,39,84,49,50,30,24,78,77,78,51,145,141,53,140,57,73,68,42,72,149,32,46
nh0123,379,217,53,52,57,24,6,81,22,29,31,62,62,41,18,55,32,29,457,396,95,18,132,78,64,130,74,106,85,43,23,27,19,17,26,11,205,205,44,36,51,71,37,30,34,23,31,17,34,25,16,32,14,25,61,32,12,28,39,39,36,21,41,63,24,23,44,22,8,13,18,70,49,5,22,95,88,83,25,15,18,17,14,19,42,51,48,30,57,85,43,88,25,34,17,15,77,19,28,44
nh0124,537,246,38,64,26,27,39,149,40,19,5,59,68,19,52,41,14,21,641,516,109,21,106,69,91,352,97,102,73,26,29,35,38,40,66,11,197,171,22,34,106,132,26,26,11,13,16,22,32,23,28,20,56,27,113,27,21,46,33,28,46,27,60,78,10,19,85,39,36,24,37,103,119,24,23,76,123,155,13,52,48,38,19,70,27,16,38,19,83,59,19,54,16,16,22,14,50,36,23,7
nh0125,778,499,108,164,115,56,39,200,69,70,106,106,126,46,44,53,58,99,786,801,193,49,336,82,130,231,90,155,129,135,38,93,68,56,94,58,363,462,93,111,115,127,53,125,104,41,77,201,31,64,89,115,38,33,265,60,70,90,74,88,146,68,129,110,81,43,81,47,56,73,99,111,145,27,53,121,249,333,66,72,48,59,71,32,81,85,201,79,204,229,99,211,69,137,142,56,148,249,71,52
nh0126,137,75,17,47,15,9,4,33,18,17,12,21,26,3,15,9,5,7,250,253,49,17,145,15,42,83,50,23,24,19,16,13,14,10,23,0,77,74,16,16,18,35,12,1,13,5,4,10,12,4,4,3,8,19,65,7,31,3,32,10,24,23,27,26,1,8,18,13,11,15,22,42,28,9,16,19,61,68,8,12,11,5,14,13,32,24,23,10,71,37,26,61,8,21,21,13,62,17,9,9
nh0127,475,234,74,84,10,29,20,57,26,13,23,97,60,36,7,18,45,17,628,457,79,18,149,38,66,194,75,41,28,51,44,33,18,22,31,36,224,225,56,51,27,66,16,37,19,13,36,23,97,32,8,39,18,17,132,30,21,37,60,53,112,33,52,84,34,55,80,52,20,26,5,83,56,14,33,33,168,109,27,44,29,34,8,44,53,14,103,55,107,162,61,144,45,59,128,33,40,80,36,33
nh0128,690,264,63,115,56,45,36,201,59,55,6,94,52,33,21,31,14,6,614,419,108,33,238,89,177,266,79,92,67,33,41,32,42,12,116,1,194,129,43,48,120,124,32,55,38,42,66,25,34,32,39,21,35,33,284,69,75,39,38,41,64,70,65,84,42,60,106,46,49,49,131,123,127,32,59,109,199,264,46,60,68,31,45,37,33,50,57,27,52,47,40,68,18,25,38,31,69,70,18,42
nh0129,156,93,31,28,12,18,7,41,14,7,5,19,30,6,9,7,10,3,143,101,47,13,41,17,28,50,20,21,21,20,10,7,10,11,11,40,77,55,11,11,24,22,7,12,10,18,6,7,11,15,7,25,13,3,64,4,5,13,18,21,38,16,22,32,19,10,24,13,12,33,17,19,21,19,14,30,47,58,21,22,15,6,19,10,12,9,28,18,39,26,12,18,14,13,29,18,22,34,11,30
nh0130,441,277,55,76,8,13,9,70,25,50,17,84,103,27,10,35,46,40,558,514,158,18,176,13,37,112,73,93,99,43,39,31,38,12,40,6,284,247,56,78,62,78,49,76,44,8,51,63,44,23,23,32,35,26,83,10,19,21,19,22,42,24,93,79,12,28,50,26,13,24,31,51,45,7,14,12,63,116,17,26,35,41,52,25,33,32,86,53,115,95,60,102,29,33,38,24,60,101,20,9
nh0131,182,141,38,34,1,12,16,52,13,16,21,44,39,11,9,10,17,20,213,233,116,24,103,8,42,73,34,33,38,20,9,13,12,24,28,15,102,124,23,13,32,28,7,25,11,15,15,46,24,12,4,10,7,6,80,19,10,28,17,10,36,17,20,30,23,14,47,17,16,29,28,55,37,13,11,15,62,86,11,26,22,14,38,12,22,17,30,21,63,38,26,40,13,24,21,21,24,47,26,15
nh0132,368,215,61,61,24,28,42,102,35,20,46,64,64,12,52,37,26,25,435,430,111,35,127,44,119,178,65,82,66,78,26,35,23,38,72,1,187,199,25,52,103,92,29,37,29,21,7,54,24,20,36,23,33,28,105,21,52,61,28,25,39,56,41,67,18,40,87,59,38,32,72,112,64,26,15,30,134,134,17,22,41,17,29,23,48,26,79,34,63,54,41,85,15,23,53,18,112,49,38,15
nh0133,214,144,28,39,7,14,4,39,7,29,13,49,44,17,2,6,16,12,242,222,61,4,81,3,36,43,21,56,38,13,22,3,5,6,19,16,154,125,46,39,18,45,22,25,14,12,13,21,19,20,12,22,16,7,54,31,11,11,13,35,47,10,27,29,17,8,22,13,7,18,9,35,34,13,10,19,70,90,3,30,13,32,23,23,16,8,26,16,17,79,28,51,13,24,34,8,15,49,5,7
nh0134,122,117,23,22,8,3,1,8,2,7,0,40,54,14,2,7,9,5,255,267,130,7,78,32,9,38,55,48,50,1,10,10,4,6,24,3,133,114,40,47,30,32,44,16,17,6,1,3,7,0,13,1,23,114,72,11,10,41,28,8,19,11,68,78,9,22,33,20,2,11,5,46,7,4,14,13,38,88,25,22,19,51,4,10,31,18,19,20,34,70,42,83,18,23,14,21,37,18,14,17
nh0135,194,93,14,50,7,31,4,55,19,22,4,37,46,19,24,30,16,24,233,290,37,24,77,13,56,142,46,62,48,23,5,18,2,10,30,3,142,121,21,21,72,71,10,36,27,10,24,31,14,29,11,17,14,16,127,17,13,16,33,28,60,21,31,33,20,15,28,16,34,26,29,76,35,33,14,32,74,116,17,36,17,21,20,18,21,9,25,12,42,33,27,48,13,10,31,13,48,36,19,27
nh0136,127,99,13,20,1,8,9,54,15,20,10,25,23,17,9,15,7,11,115,131,29,4,76,4,35,84,29,42,28,15,7,16,4,10,5,1,87,66,11,18,30,37,14,26,17,10,11,18,18,4,5,14,10,12,30,13,10,21,7,15,15,6,25,27,4,21,16,18,12,9,10,37,28,10,6,14,40,50,6,15,15,21,21,17,8,4,15,25,51,23,17,21,6,10,21,12,23,14,13,6
nh0137,632,307,57,81,26,30,28,152,43,38,15,73,52,26,22,28,19,10,756,642,125,31,177,44,86,264,100,153,112,36,129,45,64,85,62,4,318,247,29,42,59,96,30,77,52,43,36,52,75,37,24,24,61,88,224,28,30,67,76,68,110,43,120,119,34,90,113,68,22,73,36,117,97,47,29,76,228,147,56,55,42,41,21,71,45,28,108,36,136,130,97,131,21,29,105,70,60,83,23,58
nh0138,269,147,50,48,32,31,33,93,26,29,44,33,57,15,32,25,31,30,312,248,96,49,142,53,90,104,56,87,78,48,17,24,17,31,31,37,130,136,23,20,76,44,14,40,33,30,15,50,28,13,13,17,38,13,153,16,28,66,68,29,53,29,25,35,38,37,49,34,29,53,28,59,55,39,17,47,134,137,35,27,27,21,25,25,48,39,63,19,95,59,40,43,18,24,36,32,59,56,20,30
nh0139,468,224,45,62,19,36,26,153,32,24,17,67,53,32,16,35,14,5,360,266,59,15,115,20,61,139,56,47,34,56,28,25,24,8,27,69,183,149,30,46,39,48,14,18,26,23,14,37,15,27,15,11,8,13,135,23,24,30,19,16,55,86,46,48,24,40,53,33,24,18,23,45,47,38,25,26,77,165,12,48,36,26,14,77,23,27,63,30,38,43,27,42,9,21,44,31,60,50,22,3
nh0140,478,348,63,75,41,42,39,248,54,67,42,57,72,23,35,66,40,63,384,461,97,18,95,72,104,402,131,127,118,65,29,48,34,67,40,5,188,187,32,40,135,179,65,49,31,22,24,20,42,22,34,25,54,56,122,40,14,53,59,58,93,34,53,67,52,49,63,74,28,36,75,145,126,14,20,117,188,195,45,72,60,47,38,40,49,19,87,33,117,94,58,140,28,25,82,30,127,74,63,26
nh0141,936,393,71,178,66,62,62,180,54,59,48,90,105,42,69,55,48,53,736,688,264,69,335,78,185,252,108,144,176,90,47,74,48,79,88,109,387,314,45,78,126,129,44,80,65,60,35,94,42,20,70,65,55,46,356,32,56,114,95,85,132,106,88,95,93,104,136,69,44,111,104,148,124,98,71,133,291,351,57,84,77,67,81,48,110,104,151,48,177,162,91,121,42,70,133,84,120,167,45,103
nh0142,1099,642,110,186,70,75,83,254,66,64,69,128,144,34,63,87,49,61,1344,1196,231,54,465,143,174,416,187,189,172,155,184,23,120,26,111,18,472,415,80,77,186,172,60,62,67,66,43,98,105,46,62,176,91,53,229,31,62,74,98,102,97,89,169,151,148,157,226,131,26,59,49,192,108,51,63,155,236,207,74,123,96,86,53,69,61,164,151,88,109,182,113,152,35,69,81,74,72,82,55,40
nh0143,1047,520,95,194,93,39,61,258,62,54,31,102,114,31,52,86,32,39,1280,1143,266,39,400,234,161,484,202,191,137,65,74,36,83,37,85,8,422,356,71,98,143,163,88,48,38,33,26,67,82,45,60,95,39,75,175,43,45,45,90,100,67,52,116,93,157,95,153,139,12,52,38,158,83,35,57,123,187,144,68,133,82,109,28,62,62,85,130,74,130,144,118,197,47,71,68,47,48,60,55,53
nh0144,423,244,59,77,39,21,22,84,27,28,15,72,80,24,35,21,28,34,447,415,137,40,153,46,79,126,72,74,86,48,27,36,26,33,54,39,228,175,31,42,73,67,20,33,36,30,24,29,20,25,30,37,35,18,155,22,37,71,61,40,89,25,50,44,21,37,60,35,30,54,38,78,62,37,34,68,150,168,38,37,48,27,52,26,58,32,92,40,118,75,54,92,30,35,50,44,48,89,25,60
nh0145,162,111,39,54,7,5,8,29,11,13,1,58,52,24,3,21,11,16,288,315,124,22,126,12,16,69,77,42,46,16,12,8,14,11,23,2,132,146,64,64,18,58,54,20,15,15,0,5,21,6,8,2,21,83,120,13,29,49,36,6,49,5,95,95,27,33,42,35,6,16,4,66,30,22,16,15,70,122,23,31,13,51,11,13,37,21,42,25,91,122,57,87,31,46,34,47,53,38,25,14
nh0146,111,58,15,19,23,11,6,18,5,6,14,13,21,5,5,21,6,16,81,115,13,4,20,62,33,38,18,25,42,11,4,6,1,15,8,19,45,51,18,16,35,29,6,11,10,21,3,17,3,4,6,5,10,16,32,9,10,20,13,27,14,16,13,14,17,12,25,12,17,10,13,34,15,7,10,61,52,54,26,4,8,11,10,2,16,5,12,3,27,17,16,19,7,5,18,17,47,13,6,26
nh0147,664,305,58,123,16,27,31,169,33,43,47,101,83,45,31,63,41,28,649,386,110,12,173,19,50,190,54,69,37,72,51,31,31,31,92,3,210,241,43,41,35,67,20,43,26,6,36,48,54,30,24,62,35,21,42,26,19,35,42,15,51,51,75,122,4,33,66,30,35,14,25,59,106,11,26,13,95,113,6,79,52,30,20,46,19,22,85,54,71,148,55,92,31,55,39,26,36,79,39,8
nh0148,567,293,57,111,20,27,11,95,37,19,16,97,92,45,21,26,26,20,726,518,103,16,194,23,63,169,70,49,26,57,36,34,42,16,50,33,320,308,41,46,43,75,20,54,15,34,46,26,36,41,27,58,17,19,162,41,34,56,44,44,120,43,85,91,24,52,129,51,27,49,28,103,96,19,31,38,183,165,30,37,35,39,18,45,54,15,131,46,124,164,66,123,39,83,86,22,62,88,32,30
nh0149,1044,537,165,284,62,120,61,243,110,87,51,172,158,99,72,80,63,75,972,880,305,65,656,125,339,307,181,149,155,173,80,70,94,57,128,19,459,434,138,168,279,178,94,86,89,132,69,62,68,85,73,50,95,34,475,73,185,153,66,118,143,251,155,161,61,138,153,106,151,105,196,164,230,94,118,272,433,605,113,147,141,114,116,166,189,105,138,103,299,105,115,132,79,114,94,110,207,140,45,87
nh0150,206,117,19,40,20,11,9,97,24,7,9,39,43,14,7,17,9,8,257,278,48,8,70,59,27,197,60,43,30,21,15,12,11,18,14,0,113,89,20,36,27,57,30,18,13,6,7,14,15,9,10,28,8,30,25,22,8,18,12,18,35,19,45,36,16,22,26,20,8,11,10,31,27,2,12,20,51,58,11,28,20,29,3,17,25,10,45,25,69,44,30,73,12,20,19,17,31,20,23,9
nh0151,240,114,24,26,29,10,11,22,8,5,13,34,47,10,13,15,17,10,279,212,86,11,94,100,35,64,36,44,45,17,20,14,9,4,29,27,108,105,40,27,74,26,21,21,16,5,20,24,20,15,46,8,29,7,43,16,14,14,12,27,16,8,48,47,18,26,46,29,3,9,26,61,11,8,6,73,47,48,24,12,11,15,4,11,6,20,41,29,37,54,32,51,23,27,27,10,33,17,8,11
nh0152,1056,530,226,406,35,127,61,203,108,72,48,219,187,117,47,106,68,62,1219,1171,317,50,595,41,372,141,139,156,114,208,75,81,120,35,154,119,555,558,177,208,283,131,68,67,89,117,40,67,77,62,61,48,83,24,338,32,269,165,69,48,219,260,218,186,60,85,261,106,162,97,204,157,131,117,160,100,445,962,40,136,102,87,159,178,196,93,191,114,245,200,159,134,70,164,85,94,294,204,54,49
nh0153,892,392,71,139,125,54,52,183,55,60,22,120,157,46,79,71,42,64,796,751,165,33,243,291,210,385,138,147,143,40,60,29,17,51,54,6,341,272,56,68,94,151,56,53,34,10,21,35,69,23,33,20,23,23,76,50,46,12,14,73,55,62,68,85,19,86,107,71,9,18,21,186,92,58,38,285,158,168,29,93,93,49,19,28,26,17,98,14,96,69,19,90,22,40,34,12,71,42,31,18
nh0154,163,94,7,24,35,22,18,60,15,17,3,29,23,8,18,11,23,21,169,129,30,8,44,46,48,90,35,36,26,20,6,6,39,15,22,0,94,48,15,16,48,37,15,23,18,22,15,2,19,17,13,10,12,22,39,26,7,11,15,20,16,23,12,20,3,6,43,7,15,15,17,66,60,5,12,58,47,90,12,31,18,18,12,3,19,6,43,7,55,44,18,41,8,14,21,12,52,29,15,7
nh0155,441,244,62,118,5,39,28,112,43,22,9,109,85,31,27,41,15,34,579,464,124,39,207,8,73,139,44,79,67,42,40,33,21,28,53,5,214,226,74,49,84,78,33,40,41,35,25,14,45,30,22,8,26,39,137,33,60,38,19,9,82,50,49,95,10,45,92,53,46,26,36,77,116,33,50,15,130,202,7,47,23,30,47,46,45,36,87,37,107,68,55,51,42,43,24,28,111,94,25,9
nh0156,592,300,100,82,137,43,43,107,32,48,62,99,124,60,25,37,64,65,469,399,138,41,195,245,173,136,70,123,147,44,19,85,31,136,43,6,319,277,62,69,174,91,43,76,67,55,69,100,36,55,50,72,35,57,276,79,37,120,88,143,85,90,71,88,73,36,75,55,38,66,78,118,78,43,40,389,270,299,114,48,56,37,39,46,88,49,65,38,85,58,47,75,27,36,82,49,109,83,15,124
nh0157,91,43,8,11,32,7,6,12,3,9,5,15,16,7,11,10,10,15,204,143,34,10,64,65,21,40,17,29,39,16,8,13,4,17,21,3,89,86,15,14,37,22,19,23,20,7,9,6,16,5,17,8,11,23,32,10,16,6,11,27,14,6,21,17,7,5,17,12,4,13,14,17,8,6,7,33,18,54,17,4,7,12,6,3,11,11,16,4,48,22,10,29,6,16,11,3,20,5,7,20
nh0158,754,348,103,195,25,29,23,195,112,78,15,143,146,38,44,62,39,39,982,775,178,34,377,49,113,299,137,168,136,72,36,32,56,22,78,20,410,291,61,81,107,123,77,47,53,27,46,64,44,46,45,35,38,54,137,42,53,37,60,38,78,56,123,144,37,54,84,61,38,33,83,125,101,69,69,55,179,245,17,88,79,69,44,39,59,25,88,31,150,113,47,112,54,75,72,39,93,86,41,25
nh0159,1403,793,211,341,60,68,63,260,109,96,87,209,176,81,44,84,84,90,2102,1633,367,57,585,97,147,423,244,224,228,274,67,69,50,71,64,152,743,581,175,195,165,199,97,135,117,98,73,130,66,51,111,61,42,41,196,23,48,58,107,74,111,61,209,190,18,65,198,64,54,59,57,198,88,81,100,133,216,393,43,115,85,99,68,94,76,89,136,86,215,259,137,247,106,136,118,32,109,247,64,105
nh0160,857,425,99,190,47,67,84,196,41,70,28,186,188,78,67,68,44,16,909,737,178,31,257,53,165,254,100,125,83,98,60,47,58,30,133,126,354,402,77,117,82,122,77,66,38,60,39,32,65,43,29,101,51,29,256,22,116,51,73,59,105,72,129,167,80,68,184,89,23,57,63,162,99,113,65,87,255,307,62,142,79,71,26,91,58,50,133,72,128,136,83,100,38,95,87,59,126,85,33,61
nh0161,149,70,28,51,5,22,1,18,5,5,3,29,15,16,22,3,7,5,228,117,44,17,89,6,50,21,7,13,7,27,14,6,19,2,19,34,76,53,22,15,51,12,6,10,6,23,4,4,12,5,7,3,9,0,80,1,11,6,10,6,32,30,27,17,9,10,38,24,8,21,12,29,17,24,21,14,51,88,8,15,4,7,13,12,12,3,30,24,81,22,26,32,8,32,13,18,65,21,2,4
nh0162,88,71,32,23,4,15,2,32,14,14,17,20,15,14,4,14,18,12,94,88,26,8,33,6,33,39,16,20,14,6,6,25,4,11,9,8,46,45,5,9,23,23,8,19,12,24,12,28,5,11,8,10,5,3,60,11,9,22,18,14,24,21,13,11,12,6,21,14,10,10,14,25,21,12,8,12,65,54,9,17,12,7,13,13,14,4,10,5,19,8,10,10,1,4,14,3,19,28,10,10
nh0163,476,293,43,57,9,28,26,166,29,39,37,67,85,21,23,54,14,16,556,554,97,32,122,7,64,245,86,66,58,36,20,52,25,15,26,68,293,226,39,43,112,136,51,50,21,15,30,65,29,9,34,32,19,21,169,14,14,44,14,23,66,33,108,122,40,54,74,62,45,17,78,105,164,20,25,21,121,184,8,88,57,58,58,80,33,28,56,44,60,64,59,68,9,27,43,30,28,64,26,18
nh0164,464,223,41,74,15,28,23,114,36,29,15,70,81,23,18,88,54,62,594,551,145,6,178,27,57,246,73,89,55,57,28,26,25,16,24,12,328,289,58,55,50,131,43,68,49,7,36,21,36,50,27,34,13,42,47,18,15,29,17,22,49,19,76,105,13,16,55,15,13,15,26,57,75,7,19,48,91,160,6,45,25,46,32,13,38,11,54,13,51,84,32,76,32,39,40,7,30,67,39,6
nh0165,348,207,49,124,49,25,36,51,22,32,23,68,51,42,22,23,41,27,459,400,113,20,196,45,125,69,36,59,42,101,31,18,19,33,53,48,124,116,33,34,88,37,18,53,23,26,22,37,40,20,8,12,19,14,103,20,33,31,26,35,43,45,37,52,13,32,83,32,10,54,28,55,95,10,31,107,168,212,22,30,20,30,18,36,42,15,83,22,115,80,37,76,29,49,46,35,105,48,22,8
nh0166,864,456,96,160,16,28,19,201,73,64,42,178,149,60,29,66,66,55,769,662,179,48,283,23,90,229,112,110,104,61,39,41,70,17,60,7,343,339,73,92,89,139,51,77,76,12,100,77,45,54,33,58,11,43,185,67,72,25,32,37,136,37,182,168,11,50,78,35,24,15,52,101,110,24,38,22,160,244,13,158,89,88,55,120,30,30,168,118,139,183,88,177,74,89,76,49,81,150,57,12
nh0167,550,284,46,74,30,85,47,182,38,39,27,105,120,34,45,36,32,28,512,454,109,75,185,84,232,319,118,77,100,33,61,25,62,67,89,3,285,232,33,47,157,131,42,70,29,37,33,38,80,26,14,41,54,32,305,25,52,46,49,57,65,90,64,68,13,122,110,189,41,42,84,142,135,64,27,90,193,274,17,96,87,73,39,125,59,38,84,68,94,78,88,77,34,26,75,56,85,34,28,5
nh0168,173,91,19,45,10,17,9,76,14,6,8,31,21,6,20,18,5,7,219,152,22,9,53,29,56,123,36,23,29,29,2,10,25,9,11,8,63,63,11,18,51,28,11,10,8,6,12,13,15,8,6,14,20,10,47,12,17,10,14,13,23,16,20,26,4,22,21,24,18,15,20,41,31,6,12,27,62,68,6,21,12,19,10,12,15,16,24,10,34,30,12,32,6,10,17,10,32,16,24,5
nh0169,223,144,27,32,5,18,12,63,13,15,23,34,41,20,13,14,13,7,293,272,84,20,82,28,70,100,25,30,26,25,22,10,24,10,26,7,121,102,25,19,39,51,13,22,16,21,31,24,26,18,19,35,22,10,63,21,17,18,18,27,46,27,37,44,0,28,48,35,11,12,28,57,42,16,17,25,63,97,13,21,21,15,18,29,23,13,30,21,68,32,22,39,11,18,22,13,21,15,10,14
nh0170,288,190,39,51,10,21,24,81,18,21,13,44,36,12,18,25,27,14,296,311,59,12,99,7,36,112,37,57,56,50,33,17,16,28,28,15,105,134,25,28,53,68,22,16,9,19,8,10,34,12,19,15,18,20,70,14,21,41,20,13,60,15,45,47,24,24,62,33,18,16,31,61,26,26,17,12,75,115,12,24,17,9,35,45,16,13,38,27,60,44,35,50,11,19,33,21,38,53,19,14
nh0171,396,144,42,32,85,21,17,52,21,22,9,49,67,31,2,23,16,27,260,239,98,38,110,141,50,88,79,82,59,11,8,17,27,7,30,0,133,173,54,47,56,38,37,45,24,26,12,22,18,14,42,26,31,50,184,43,15,40,32,48,36,56,89,69,43,35,46,45,24,13,22,91,32,23,12,140,104,114,65,40,26,48,16,13,37,18,102,73,99,68,70,113,37,49,44,51,95,28,46,40
nh0172,190,126,29,37,20,17,5,100,30,20,14,40,37,14,14,42,18,5,309,337,82,16,105,44,28,204,91,43,26,32,11,19,4,23,16,12,104,92,20,34,31,73,28,19,19,6,6,41,20,10,11,12,22,29,47,14,21,10,19,17,20,15,43,44,21,17,35,21,9,21,13,67,26,6,10,39,53,69,17,35,27,37,1,22,34,9,68,29,95,56,25,84,26,15,23,26,46,29,53,17
nh0173,586,213,63,71,28,21,28,69,17,38,10,62,76,31,14,49,25,27,589,555,228,14,217,75,68,188,96,106,102,41,16,28,14,5,31,7,262,234,78,65,51,143,50,136,73,2,5,18,16,17,29,11,21,114,55,73,17,23,17,13,29,28,83,115,20,24,50,23,12,17,27,69,19,45,12,55,107,109,41,39,18,49,4,16,31,8,81,14,86,77,73,85,45,40,33,34,45,47,30,26
nh0174,272,151,28,35,30,27,8,40,8,18,27,40,52,25,13,20,18,5,257,234,47,24,74,47,52,61,19,37,19,40,26,25,10,19,10,24,117,117,19,27,33,37,9,19,14,11,26,40,25,22,16,39,12,8,58,39,11,29,11,37,25,20,35,56,13,23,39,28,25,17,20,46,31,5,14,73,93,75,34,18,13,14,12,16,26,9,53,25,34,35,34,52,14,18,34,13,36,18,8,23
nh0175,309,186,27,32,61,45,21,44,10,23,35,42,68,16,13,21,17,11,215,265,43,19,46,71,71,63,12,39,18,31,16,30,19,19,17,16,142,133,16,29,45,46,10,27,17,17,38,36,42,25,39,40,9,15,84,37,15,26,19,52,53,33,35,58,23,30,44,28,28,22,33,50,41,13,10,127,125,81,82,31,21,17,18,13,17,9,67,30,34,28,29,57,10,13,42,23,66,24,7,49
nh0176,377,141,34,56,15,14,21,73,23,21,2,43,28,16,3,29,16,11,457,334,80,8,174,37,49,129,33,48,38,40,18,23,30,10,40,5,178,189,58,55,50,57,22,27,23,13,10,7,23,19,18,3,19,17,59,9,33,12,35,13,36,12,59,48,6,20,57,28,16,11,33,70,48,9,38,30,77,122,12,33,21,24,28,13,35,28,37,15,44,67,41,57,18,37,34,13,24,55,20,11
nh0177,224,126,31,47,11,22,20,79,30,46,16,40,39,18,26,17,18,28,201,180,47,6,82,10,33,139,59,79,68,16,11,20,21,14,14,9,91,87,17,32,38,36,15,43,26,19,13,25,10,18,10,17,6,6,39,16,13,6,13,8,43,25,38,41,3,35,29,14,7,14,21,32,54,20,18,17,53,98,6,22,29,21,13,46,15,20,41,15,67,25,18,21,4,19,14,11,25,14,10,7
nh0178,124,55,18,19,24,3,10,20,7,9,0,9,23,9,10,10,8,15,138,107,28,5,50,50,9,55,14,35,19,3,0,5,3,2,1,0,66,51,10,17,14,21,12,16,7,0,12,9,1,10,32,6,4,9,11,4,6,5,4,6,4,3,12,18,7,2,20,8,1,3,9,16,5,7,6,17,7,30,10,12,8,14,11,2,7,7,32,4,20,27,13,30,10,12,6,2,13,15,12,3
nh0179,435,179,39,54,24,13,9,44,15,23,19,58,51,11,9,39,37,29,365,265,51,17,69,40,23,63,34,52,47,18,9,26,9,21,32,5,196,160,26,38,36,37,19,33,34,11,27,40,21,23,19,35,25,22,78,16,23,28,20,23,41,31,49,61,4,24,52,17,24,13,30,59,30,16,9,40,90,74,25,26,21,32,16,10,33,12,27,43,47,68,45,52,19,36,31,45,29,14,7,11
nh0180,802,395,67,126,45,71,55,125,52,74,28,111,105,50,46,49,88,83,767,695,115,29,192,78,229,280,97,146,107,76,41,45,47,48,126,88,409,349,45,45,187,114,52,65,61,23,73,36,55,100,56,143,34,24,188,82,34,47,50,50,102,112,99,95,51,29,156,43,53,43,134,104,127,25,44,141,240,305,43,69,60,42,66,58,91,50,91,49,120,101,42,109,20,30,56,23,98,154,27,32
nh0181,972,533,99,363,45,94,40,195,177,64,19,128,114,118,72,50,75,59,1229,845,187,32,595,81,213,358,257,125,114,164,39,71,84,19,77,19,475,371,108,131,178,186,104,61,75,37,93,41,43,64,51,55,41,32,192,148,76,45,49,34,116,115,93,82,67,35,166,53,41,23,126,175,187,18,176,104,187,396,41,96,69,51,78,51,160,71,100,73,165,145,63,117,36,141,74,35,145,119,39,45
nh0182,861,437,92,96,155,68,88,120,46,90,72,134,116,56,93,31,75,73,816,719,157,42,184,320,385,267,94,158,124,80,47,84,66,50,103,29,468,407,76,89,343,127,38,99,78,32,66,95,67,80,56,87,54,39,247,76,28,51,41,163,142,81,102,119,56,45,151,95,60,25,158,229,132,30,38,455,321,378,250,54,53,42,77,57,69,41,74,47,77,79,69,103,30,25,71,27,180,72,32,124
nh0183,1004,707,120,223,64,100,74,383,130,86,76,133,223,60,61,118,85,101,1048,1075,276,97,388,100,441,579,253,190,274,191,77,61,48,58,139,4,479,430,78,111,316,239,115,116,84,66,26,101,98,42,72,58,112,92,389,19,112,167,128,100,250,156,117,157,15,100,192,134,79,102,184,371,209,97,70,145,492,514,77,177,188,78,94,114,72,110,188,83,332,172,130,284,68,76,207,88,305,243,95,73
nh0184,732,256,49,140,13,44,36,127,39,69,17,91,84,25,23,23,23,29,758,573,121,20,284,20,117,170,40,99,68,99,36,56,77,6,46,22,211,287,46,58,73,100,27,49,34,15,19,24,33,27,30,10,37,23,157,8,32,21,30,14,57,107,96,94,25,36,107,55,20,15,75,75,79,7,54,29,118,180,28,61,31,35,61,26,24,48,117,31,74,112,70,96,34,70,33,51,75,48,33,8
nh0185,203,71,22,17,14,6,6,25,14,11,4,23,13,8,8,12,5,5,368,266,94,13,180,28,29,53,35,47,46,31,24,16,18,12,23,18,140,102,34,30,34,28,13,32,19,17,4,16,20,9,22,4,14,31,71,3,16,4,42,21,24,10,23,22,18,6,62,32,6,18,11,46,24,10,21,27,56,66,6,7,19,31,10,7,37,35,26,8,48,53,23,47,15,24,19,5,28,16,11,7
nh0186,145,42,14,20,11,4,4,12,4,16,13,9,23,6,2,5,5,5,99,91,17,10,38,15,30,14,12,49,39,20,14,2,10,3,20,2,76,69,17,21,12,19,2,15,15,32,7,12,10,12,1,6,15,4,83,10,12,10,20,17,24,9,24,15,12,5,17,19,16,21,11,29,24,8,9,38,44,40,19,8,8,8,6,8,12,14,25,10,32,32,19,27,10,16,22,12,26,11,3,14
nh0187,147,74,15,16,26,3,5,14,7,10,2,21,25,8,1,7,6,4,126,92,27,12,40,28,20,27,20,39,27,9,10,12,8,8,12,8,58,75,11,18,14,15,12,20,21,10,2,5,15,8,12,3,6,12,74,8,7,8,25,13,18,8,29,15,22,14,13,12,7,18,9,18,11,10,10,30,27,31,10,10,13,3,7,4,12,15,23,12,21,27,26,26,8,13,24,8,33,16,5,8
nh0188,441,252,48,48,17,36,21,138,32,39,26,72,73,24,40,37,29,16,471,395,113,48,108,26,125,251,76,69,51,23,25,15,27,30,50,32,254,207,34,52,90,101,20,45,27,61,47,28,46,43,42,38,45,17,193,47,23,79,68,59,85,55,45,77,32,55,73,64,35,47,36,137,135,31,17,99,261,212,78,53,66,38,31,101,20,15,87,38,103,85,64,105,28,25,57,40,86,52,39,49
nh0189,266,100,28,44,21,20,8,13,5,22,4,36,20,6,6,9,31,16,335,228,67,12,110,39,35,40,22,50,45,27,31,14,18,10,56,54,152,125,24,19,35,33,19,34,15,10,14,6,27,17,11,14,23,16,115,2,20,22,45,28,39,14,26,34,42,15,72,28,9,44,16,53,27,5,22,43,94,66,27,15,17,13,6,15,24,21,32,9,53,46,27,34,10,17,26,20,36,10,6,28
nh0190,676,333,89,170,13,62,24,162,51,70,11,143,164,97,56,94,51,42,677,604,227,78,341,21,207,270,130,128,106,31,39,28,28,37,101,9,372,321,145,148,113,174,56,84,57,22,37,43,35,48,39,26,78,42,306,52,85,74,30,54,127,73,126,134,74,80,123,71,45,69,34,159,331,33,92,50,287,390,13,113,117,101,22,127,46,51,181,80,227,143,153,128,96,130,102,89,159,177,40,8
nh0191,663,375,167,231,7,82,18,195,70,28,19,123,116,59,36,64,18,11,957,798,327,66,541,7,229,321,189,80,75,56,58,29,21,23,96,7,347,339,147,186,170,166,90,39,27,24,23,29,78,32,34,22,71,49,305,50,154,51,20,20,127,80,97,98,32,171,185,148,25,52,32,179,116,98,122,47,233,306,14,179,155,127,4,116,50,48,186,57,245,171,152,152,83,114,55,54,109,73,37,8
nh0192,794,423,108,184,25,54,15,206,71,91,23,164,155,82,35,108,60,57,745,657,190,68,358,22,157,328,134,120,86,43,34,35,15,44,103,17,438,418,133,145,114,188,84,126,76,27,46,51,49,47,40,34,97,50,274,71,111,68,27,72,146,78,104,125,90,101,132,86,22,58,24,167,147,121,71,76,285,326,28,149,118,106,16,186,48,49,163,77,271,160,178,157,69,117,79,59,93,113,64,21
nh0193,626,323,142,206,6,81,18,146,83,30,10,107,113,50,67,70,17,19,711,604,284,69,424,16,204,291,208,53,56,32,46,27,14,35,103,10,314,283,139,160,182,174,75,50,16,39,22,25,56,22,31,13,98,58,329,48,142,44,36,44,88,75,88,81,82,147,133,122,18,46,27,162,111,101,101,42,267,265,23,166,121,112,11,114,66,18,192,84,321,129,156,131,83,99,68,84,115,73,42,9
nh0194,807,500,169,175,16,64,37,199,81,66,19,146,169,63,52,116,49,40,932,768,279,52,331,16,196,309,126,94,82,48,47,32,28,51,119,16,504,404,146,125,105,202,96,102,41,32,37,54,52,48,37,45,147,37,320,58,95,59,35,62,160,81,114,114,69,131,164,143,30,63,44,218,118,97,80,65,270,358,27,180,111,140,14,139,27,53,196,131,252,113,172,150,68,93,75,75,176,99,47,20
nh0195,362,193,18,49,96,12,21,156,32,37,23,65,85,17,17,61,41,66,396,316,47,16,70,151,46,241,76,104,102,57,13,19,17,25,27,1,193,137,24,46,58,84,50,61,50,12,56,8,20,57,25,46,17,39,100,75,4,9,45,95,27,12,65,69,12,25,40,15,21,36,10,53,41,18,4,78,68,53,51,41,36,20,20,13,21,16,69,57,65,72,32,79,8,19,45,18,62,37,36,59
nh0196,553,201,82,155,13,59,29,128,68,37,12,77,66,54,36,49,24,20,559,468,115,21,233,38,176,122,67,46,42,77,32,36,62,16,30,37,240,193,72,70,143,91,32,35,24,36,24,25,36,24,19,10,29,11,170,10,69,62,14,24,92,128,83,91,11,35,94,42,79,41,94,55,101,57,56,62,182,383,25,74,54,56,78,133,81,32,71,52,105,76,63,47,16,37,30,39,104,84,21,27
nh0197,319,178,79,61,28,25,20,106,45,26,57,56,56,28,37,41,18,35,341,384,111,32,131,28,78,140,69,69,68,49,41,30,23,34,27,58,176,188,39,25,54,64,19,41,34,19,9,74,23,19,17,24,33,10,120,10,23,47,49,50,78,43,36,43,45,42,68,38,29,36,23,73,64,36,22,51,119,138,37,27,38,24,49,37,59,17,79,37,91,70,48,78,34,32,50,23,48,112,34,41
nh0198,242,130,43,40,24,27,13,43,13,15,33,33,41,17,10,20,12,12,276,202,36,20,72,53,66,58,22,46,24,30,9,20,12,26,29,33,110,132,15,28,52,44,15,14,18,11,28,22,19,15,12,36,10,8,73,26,23,28,21,46,34,26,40,46,21,23,45,28,24,36,24,49,38,5,16,85,93,72,45,21,23,12,4,14,28,8,42,26,46,40,32,43,20,16,30,23,45,23,17,31
nh0199,138,101,31,22,7,12,11,59,14,12,14,39,16,10,8,14,11,9,154,183,41,23,67,17,23,51,19,16,21,7,7,12,11,17,9,6,65,91,5,18,32,25,5,11,15,9,11,32,15,10,9,12,8,12,61,5,12,33,14,11,29,12,20,20,20,16,28,14,4,19,16,30,30,14,11,12,52,63,6,23,11,12,22,13,25,10,22,21,41,32,17,33,17,15,24,12,22,43,18,17
nh0200,437,155,23,37,23,16,21,76,10,29,11,37,37,10,19,7,10,14,446,304,48,14,100,27,48,81,23,67,59,13,19,9,27,6,30,18,192,158,12,25,58,51,14,28,18,8,33,27,15,37,20,54,13,3,97,21,20,13,67,19,44,31,37,42,35,13,107,15,18,23,51,78,38,23,23,43,72,86,37,31,15,14,20,12,8,23,20,14,19,86,27,41,14,23,42,3,26,34,17,34
nh0201,672,363,71,80,60,51,33,246,72,53,105,99,104,28,64,59,68,72,525,477,87,89,122,115,150,270,89,131,150,76,26,99,76,24,59,34,378,264,51,62,101,157,47,82,65,128,23,145,37,16,102,30,33,73,469,8,43,140,46,95,126,116,102,109,25,70,146,76,111,51,178,138,202,103,39,163,348,238,139,69,83,35,117,89,69,29,94,50,130,76,68,98,32,43,140,38,150,145,60,98
nh0202,972,486,142,221,20,37,40,188,77,31,22,137,151,52,30,56,32,31,1082,928,261,79,356,47,139,390,205,117,104,135,91,48,45,67,34,21,423,327,90,81,98,124,56,66,33,38,47,47,74,72,31,31,26,98,316,104,46,135,80,70,125,102,211,191,75,52,110,62,69,47,76,165,128,43,72,83,236,236,12,126,102,64,78,77,93,45,182,109,259,180,83,198,85,106,130,69,125,151,48,22
nh0203,793,570,100,166,76,93,56,197,47,62,168,149,128,31,36,58,63,93,903,912,210,58,312,120,216,242,112,137,131,159,73,79,46,60,115,72,393,434,114,83,155,162,32,104,88,50,62,262,46,70,121,166,80,29,322,32,83,94,56,104,118,94,112,144,82,78,147,79,69,63,136,154,164,49,34,159,281,318,98,89,71,58,73,48,78,106,188,85,180,202,147,229,46,100,133,98,199,248,58,58
nh0204,280,140,32,45,11,7,7,52,22,24,15,56,53,24,22,38,28,21,428,302,104,16,141,11,43,146,58,49,33,29,21,7,23,46,33,109,156,112,30,37,30,58,22,49,25,18,20,22,26,5,5,10,15,17,96,24,16,35,22,14,34,24,53,51,11,27,59,37,6,12,11,44,29,38,21,25,70,92,14,19,23,20,28,62,22,20,42,31,80,56,26,40,16,17,19,17,33,37,23,13
nh0205,306,152,31,59,9,10,8,54,29,31,15,33,39,16,11,15,15,18,318,294,67,19,130,15,43,102,66,61,38,15,12,13,12,20,30,16,100,119,34,35,28,53,31,41,26,16,39,28,25,14,13,24,13,10,111,45,18,23,14,31,34,11,54,45,19,22,60,21,4,30,3,35,41,23,17,29,71,101,15,16,26,22,11,65,9,23,41,24,47,43,28,53,15,18,21,15,29,56,26,18
nh0206,366,164,25,38,22,27,20,88,15,19,31,33,42,4,24,16,11,16,419,338,57,23,104,25,39,144,40,55,53,24,5,15,18,18,24,6,196,141,16,29,71,66,20,24,24,6,21,35,14,23,22,56,21,17,82,24,13,13,48,22,32,30,32,50,45,16,71,23,16,20,41,104,47,9,19,29,71,87,17,33,28,22,32,16,25,28,23,11,64,69,20,74,14,12,35,14,27,33,26,34
nh0207,1091,483,125,186,81,65,33,188,57,67,67,186,177,70,46,67,63,89,1147,1053,132,34,226,198,184,356,104,140,150,75,47,56,45,222,120,9,549,415,56,107,102,277,65,82,73,38,100,62,58,167,31,114,47,104,211,203,35,209,142,170,151,76,125,153,71,87,191,101,43,62,93,260,148,84,53,232,311,282,23,73,86,74,88,24,61,32,93,53,84,143,52,163,38,66,135,34,127,123,51,24
nh0208,436,238,65,80,9,37,38,79,23,26,11,62,71,27,39,18,12,11,492,448,84,16,174,17,95,141,49,63,41,38,36,21,11,12,51,19,144,188,45,35,96,69,22,18,16,12,30,31,22,19,17,23,40,16,99,22,24,28,24,19,62,22,72,73,20,43,86,49,24,17,23,81,54,29,44,21,122,136,7,59,45,49,37,62,9,12,84,45,64,70,31,59,12,21,50,30,25,55,7,22
nh0209,342,164,26,39,29,29,17,43,12,21,13,34,49,12,22,9,5,8,342,281,56,15,73,77,67,68,22,52,33,21,14,14,3,16,29,10,139,115,20,24,78,25,8,25,12,7,19,10,25,13,11,3,22,19,70,22,15,22,18,35,29,18,41,27,26,35,44,40,10,17,19,69,26,17,16,58,77,70,28,31,16,25,9,13,9,8,54,15,60,26,31,28,10,15,40,21,22,26,7,17
nh0210,466,202,43,78,17,26,39,134,38,38,19,66,51,20,31,38,23,20,358,334,66,21,134,18,74,113,33,63,45,70,30,19,25,18,48,43,171,168,24,25,63,51,18,30,20,59,31,30,25,47,13,35,41,35,153,20,27,48,43,28,46,54,76,74,33,25,58,30,39,39,41,69,59,45,19,49,143,188,21,49,45,28,28,17,46,40,60,30,94,66,48,58,15,31,65,48,90,101,23,21
nh0211,219,135,39,72,32,23,11,36,17,23,4,38,36,6,18,14,7,9,493,305,82,12,152,21,51,53,30,64,45,23,18,12,15,19,32,3,140,84,41,32,43,25,20,26,22,12,8,1,25,8,6,1,24,14,51,6,22,27,32,11,33,17,36,41,10,33,79,48,5,14,13,65,4,12,27,29,71,73,15,24,20,27,8,8,18,16,34,8,61,46,21,38,15,17,11,16,16,13,7,16
nh0212,283,182,34,38,3,30,12,67,24,13,13,38,34,9,20,6,9,6,328,293,43,10,84,8,75,113,40,53,52,17,20,17,4,16,23,18,134,99,14,21,51,50,13,12,17,14,10,21,29,10,20,1,28,25,39,18,9,22,13,8,28,9,38,34,12,23,65,36,19,10,32,85,27,11,15,9,74,60,6,37,22,29,15,30,9,10,32,12,41,28,16,30,5,11,24,15,32,26,8,8
nh0213,150,70,12,31,4,4,6,40,20,8,2,24,8,14,2,11,16,8,194,165,25,6,50,5,9,52,17,30,23,4,6,12,14,10,12,1,63,58,9,7,18,26,11,21,18,3,8,6,7,6,12,6,7,13,16,11,10,9,4,1,25,2,20,31,1,11,23,10,5,3,15,35,17,5,20,5,22,53,3,18,16,10,11,3,9,4,12,7,30,27,14,30,10,21,8,7,8,23,11,3
nh0214,187,111,39,50,4,19,9,54,18,7,11,33,16,6,14,11,11,4,234,221,46,11,70,4,55,81,38,18,24,17,22,12,15,1,31,0,73,67,14,10,43,36,13,13,9,1,9,16,10,7,21,11,9,5,30,12,15,16,3,6,19,22,25,30,10,26,42,15,4,4,14,39,33,23,34,9,38,80,5,14,17,6,15,29,12,19,19,5,30,35,11,24,14,14,19,5,20,27,8,5
nh0215,553,186,51,101,5,15,14,65,44,38,4,41,61,27,27,20,21,15,590,351,130,21,267,4,58,75,50,86,53,68,60,6,17,46,55,1,180,143,46,65,58,76,34,27,14,24,18,2,32,14,9,1,24,18,104,6,25,64,46,4,48,21,58,86,16,40,148,75,15,40,22,87,20,32,89,2,120,159,5,36,32,33,22,27,34,26,53,22,58,126,53,70,16,51,41,26,46,69,19,6
nh0216,615,305,38,51,42,76,56,196,45,34,51,85,104,38,99,50,73,71,449,495,71,24,81,71,141,334,98,106,54,75,26,57,49,52,48,67,188,239,29,63,198,135,63,52,39,23,89,55,39,58,56,142,42,25,141,114,10,29,40,35,88,67,46,79,66,37,86,39,29,18,161,165,141,20,27,68,210,210,41,89,86,55,75,50,38,26,70,47,86,65,51,107,14,15,86,35,82,108,36,33
nh0217,1202,959,198,347,41,105,99,299,93,76,97,204,250,73,74,90,50,31,1744,1644,351,92,548,46,282,393,162,206,149,109,108,77,64,82,124,51,661,656,118,149,127,180,57,99,72,56,65,191,128,56,75,58,64,89,371,101,73,75,62,62,195,124,249,279,61,119,277,117,83,67,85,311,264,91,147,95,315,316,33,157,153,133,62,166,49,51,180,72,239,198,87,255,75,123,119,81,87,97,97,41
nh0218,126,85,20,20,19,22,17,60,19,15,5,30,26,10,21,8,10,10,110,112,16,12,37,29,23,131,48,40,15,7,7,17,12,6,26,4,57,57,12,12,27,34,11,10,9,10,7,8,9,13,11,8,12,11,68,13,9,12,21,26,40,21,26,34,14,3,16,7,4,16,11,46,26,34,7,38,68,78,12,33,22,16,16,24,17,12,16,3,10,24,7,21,8,14,23,9,12,37,5,33
nh0219,170,126,11,26,15,13,9,50,10,10,34,43,20,12,15,14,20,8,258,209,27,6,68,36,20,88,43,38,25,27,12,11,9,8,15,9,87,74,12,15,13,29,9,18,18,9,12,23,13,19,5,26,9,10,24,12,3,18,6,16,9,13,23,16,5,14,20,17,2,10,12,48,16,13,5,37,36,33,9,13,15,11,6,6,7,29,17,12,9,24,13,26,5,3,10,5,14,18,5,11
nh0220,362,184,34,80,19,7,17,87,26,16,6,59,41,14,11,30,15,15,496,468,159,2,256,33,18,178,77,47,46,30,15,42,14,14,30,0,173,125,40,69,52,63,30,40,25,6,13,8,8,19,38,21,17,15,18,21,30,9,12,17,29,14,57,88,9,21,55,18,5,11,20,49,25,7,16,22,42,82,16,23,11,22,19,8,32,10,77,22,79,88,39,56,45,44,20,22,40,37,34,29
nh0221,420,169,28,35,8,13,14,90,24,24,15,53,73,20,8,27,24,25,510,357,96,11,85,17,51,191,69,77,56,26,16,17,14,20,30,75,227,132,48,39,48,59,29,46,24,19,36,32,14,28,18,30,18,16,53,59,6,29,17,32,40,29,65,65,16,19,34,13,26,12,24,41,50,30,10,34,68,75,20,42,34,30,39,36,36,10,47,25,84,65,41,55,10,28,29,22,38,46,10,23
nh0222,191,63,15,34,19,13,9,42,23,15,5,25,38,18,5,19,18,12,326,249,77,13,125,36,18,147,80,85,66,35,18,12,8,9,15,0,145,125,37,43,24,60,26,34,19,12,7,0,23,7,15,5,10,14,20,31,6,16,14,14,10,14,24,24,12,13,40,21,7,11,4,34,26,9,14,19,31,47,14,18,16,18,2,16,23,8,19,13,62,42,22,53,26,26,18,12,32,20,19,10
nh0223,395,210,42,42,4,24,19,132,24,33,6,61,35,16,13,23,11,10,443,357,95,34,135,11,52,200,74,74,59,17,30,16,33,8,19,4,181,120,22,37,49,82,22,30,18,8,33,8,24,23,9,17,10,13,81,22,15,23,8,7,33,6,66,69,24,33,41,34,9,4,22,52,38,31,9,14,55,111,0,80,44,42,27,59,22,34,51,13,88,40,27,38,12,15,10,32,13,41,11,2
nh0224,980,548,91,149,21,91,118,161,55,82,65,146,142,38,76,55,68,93,802,803,146,85,259,28,209,247,63,112,136,111,36,63,73,20,122,22,289,330,39,70,93,123,35,49,46,71,93,82,26,56,89,97,44,33,282,37,74,36,39,27,141,112,171,179,13,84,133,48,95,51,174,121,204,140,59,46,263,290,39,97,86,46,89,91,76,79,124,53,121,123,39,102,36,72,80,29,131,170,71,38
nh0225,770,393,101,212,6,33,36,191,82,41,42,107,100,45,59,71,82,56,717,614,190,68,309,14,134,204,122,107,151,80,48,59,96,4,106,21,261,245,53,60,53,116,48,65,33,58,83,61,25,27,40,47,31,36,230,4,89,66,23,16,145,119,157,113,11,52,135,45,72,17,130,91,99,84,86,29,227,295,26,73,89,46,97,127,73,41,90,43,112,114,43,89,45,70,59,27,71,130,42,22
nh0226,732,464,84,191,30,57,45,160,64,54,80,106,93,43,54,58,60,53,659,665,117,70,287,36,140,235,107,112,145,78,38,58,62,14,105,28,279,269,57,54,67,136,30,67,23,97,87,111,46,32,76,58,29,83,282,18,94,77,57,44,177,93,114,133,25,51,149,53,58,58,99,111,112,109,80,71,256,298,32,65,69,39,86,94,80,36,101,42,111,118,48,147,31,71,85,27,91,145,28,28
nh0227,1606,883,189,339,97,72,81,244,105,123,72,219,197,77,42,74,74,101,1813,1568,309,86,594,156,118,371,160,206,209,166,77,54,59,64,78,256,719,596,165,141,136,210,73,147,118,113,68,130,95,69,109,142,59,49,313,40,59,68,147,113,121,82,191,186,25,86,235,70,68,82,71,218,120,66,104,185,255,384,81,152,107,133,63,95,124,115,167,63,210,271,92,218,76,130,179,38,122,264,64,116
nh0228,265,175,34,33,14,33,12,77,24,24,22,51,49,25,28,25,22,16,357,319,65,14,107,14,83,118,46,54,72,31,22,21,27,7,19,13,141,147,30,39,54,51,18,29,18,31,16,59,25,24,22,11,16,20,81,26,20,20,32,18,40,20,35,46,12,40,52,53,22,26,33,71,40,5,8,19,64,86,18,43,38,25,13,23,20,24,30,14,24,46,17,40,13,11,27,9,46,33,17,15
nh0229,221,74,18,27,2,8,13,90,22,19,5,38,26,22,11,18,18,29,210,194,40,7,84,1,15,150,59,58,48,22,7,8,24,15,6,4,114,76,34,43,40,58,20,46,33,4,8,3,5,12,14,12,1,23,30,20,8,1,19,4,20,7,36,42,4,6,16,9,3,6,19,37,36,32,3,14,23,48,0,26,18,15,17,15,24,21,33,9,62,36,31,54,17,25,8,8,12,34,24,0
nh0230,356,220,50,58,1,42,11,138,30,22,38,67,54,20,10,46,45,33,418,341,70,16,111,2,58,237,64,48,51,46,13,41,23,9,26,51,243,260,37,44,36,96,16,52,26,12,47,47,50,51,33,69,19,13,108,41,27,26,14,15,104,13,54,62,29,17,66,32,37,26,25,89,69,7,12,6,144,125,4,54,39,36,40,46,23,7,32,31,58,80,44,75,38,40,59,17,24,90,40,5
nh0231,721,349,77,135,8,24,21,90,35,22,9,92,76,47,6,56,22,25,1040,946,196,15,281,9,98,183,96,105,76,102,42,27,15,11,40,20,294,305,77,91,92,83,29,47,33,10,21,17,36,11,17,25,33,12,44,17,26,40,19,8,41,49,172,153,8,44,83,50,29,10,41,55,23,26,25,6,74,126,1,80,41,59,60,32,58,28,81,21,175,128,69,87,43,82,22,30,40,37,42,2
nh0232,928,462,111,135,38,61,45,228,67,91,32,163,156,53,93,83,57,37,1035,860,223,52,354,47,109,361,132,176,85,71,45,53,48,33,107,125,386,430,91,102,196,176,60,73,47,25,87,56,57,63,32,71,45,44,228,55,70,136,49,90,143,99,133,154,35,62,204,111,64,29,80,182,222,52,69,105,209,293,36,121,70,88,81,97,48,42,152,87,144,184,83,158,51,61,90,59,135,163,52,34
nh0233,165,74,25,38,11,13,9,49,20,13,8,26,31,11,7,14,6,4,188,167,41,12,79,13,32,86,21,27,15,28,11,14,3,13,10,0,101,75,28,30,27,45,19,12,11,7,10,7,21,8,9,11,8,12,37,22,11,19,7,5,20,10,19,25,11,28,28,31,13,8,12,41,32,9,5,9,40,49,5,39,24,27,9,20,4,4,37,28,28,28,16,36,10,21,27,9,22,32,13,3
nh0234,452,329,62,128,42,46,45,122,45,35,54,93,85,31,28,33,34,50,508,506,111,35,210,70,139,175,102,102,121,53,33,15,22,11,64,15,189,212,46,66,133,78,39,60,50,36,10,67,21,15,36,15,45,25,114,21,70,17,32,39,71,53,56,50,5,42,85,45,46,30,63,104,107,28,39,99,157,178,22,53,52,37,29,42,45,50,92,26,95,86,56,84,34,37,76,35,100,77,22,20
nh0235,368,278,57,57,16,33,12,65,27,12,16,102,83,45,10,15,23,16,570,477,103,13,111,64,60,177,66,25,40,53,30,18,19,45,36,21,215,238,41,48,34,32,12,32,16,15,39,43,55,43,12,32,23,20,126,62,10,31,36,102,98,49,64,68,56,65,89,49,7,22,8,125,67,20,14,71,177,113,44,43,42,30,12,30,40,5,91,57,121,134,64,194,35,49,121,38,46,83,27,43
nh0236,441,200,43,51,36,35,33,154,24,47,37,31,45,17,26,31,35,28,320,287,59,17,58,36,46,154,36,64,62,30,11,20,20,13,21,171,154,190,17,16,64,95,33,56,34,13,15,64,9,29,33,66,23,20,121,32,25,10,37,43,33,33,43,49,24,18,56,8,40,37,43,52,38,24,11,51,83,117,16,31,27,18,51,29,12,21,49,32,64,64,26,52,16,19,25,30,62,86,20,20
nh0237,362,184,32,56,19,25,41,93,28,28,16,59,45,12,37,18,25,20,316,235,48,23,106,40,87,107,35,62,53,28,23,24,23,22,45,20,109,148,23,20,84,40,13,34,21,19,18,27,35,25,34,16,29,18,147,18,44,12,44,34,38,51,43,53,45,37,55,52,37,32,55,78,59,32,24,63,143,190,16,23,25,16,27,27,37,17,63,18,64,35,27,39,9,16,32,33,84,41,12,35
nh0238,308,142,18,34,23,35,24,62,20,47,21,46,41,13,13,28,19,26,297,287,54,15,93,41,49,94,54,74,58,35,35,5,12,23,37,5,163,164,30,47,53,52,32,26,33,21,13,39,25,36,14,44,19,10,95,26,10,5,24,21,34,34,41,54,2,28,55,42,17,37,17,55,38,24,17,46,93,101,31,39,21,22,10,15,8,38,60,30,75,60,47,63,20,24,40,20,64,28,27,16
nh0239,219,70,31,36,4,10,8,36,11,14,8,28,23,12,8,7,9,9,311,199,58,11,78,14,26,55,23,27,22,14,20,10,11,8,45,53,97,96,31,22,23,17,13,9,10,15,4,10,15,11,5,4,15,11,53,2,16,17,20,5,24,11,30,34,6,10,23,8,14,21,12,24,17,10,10,9,42,96,1,13,8,11,8,30,11,8,21,7,23,44,21,36,19,14,18,6,25,27,12,3
nh0240,109,59,13,20,1,2,5,17,4,8,0,17,26,15,1,13,9,8,95,131,27,3,61,0,8,36,24,21,28,8,3,15,2,2,10,4,53,47,22,21,8,21,8,17,12,6,10,4,2,4,13,11,8,21,26,14,5,16,9,3,13,5,32,31,8,13,12,6,8,11,1,18,10,15,4,3,15,49,1,9,4,10,5,9,18,12,31,20,22,25,17,39,14,25,7,13,24,12,7,2
nh0241,190,103,24,17,17,19,8,80,17,11,14,23,23,5,5,15,8,14,143,99,22,6,33,21,33,58,12,21,23,33,5,17,18,8,10,24,87,70,10,10,21,53,10,23,21,4,1,17,7,18,27,39,4,8,33,8,3,6,5,8,17,10,21,26,10,11,33,5,10,9,19,43,20,17,7,17,19,65,2,24,10,10,15,19,3,8,26,20,16,41,13,40,6,5,19,12,28,49,20,3
nh0242,250,145,19,55,16,19,1,66,16,17,17,55,62,13,6,18,23,26,317,292,62,19,103,47,42,141,67,72,50,19,15,10,16,15,31,1,155,126,33,45,42,61,19,31,26,18,21,27,15,20,13,18,22,26,127,19,21,20,33,28,39,24,32,52,6,24,55,32,16,26,20,57,53,16,8,36,91,111,36,33,28,36,12,30,23,15,30,20,59,50,33,68,5,16,22,18,37,29,4,11
nh0243,201,140,29,49,13,17,5,52,20,17,10,38,39,10,5,7,9,12,220,206,48,11,118,24,17,71,38,33,31,13,18,8,14,1,38,6,108,121,13,10,27,32,18,14,15,32,6,30,22,9,8,17,28,16,55,10,14,6,10,13,32,10,33,30,0,5,26,12,9,2,20,33,20,9,21,16,45,52,7,33,33,23,25,3,7,32,20,9,32,19,25,28,5,9,9,8,21,23,7,3
nh0244,254,159,42,85,7,26,19,60,25,20,10,32,32,10,11,6,6,3,313,334,93,14,145,14,49,129,68,39,38,46,16,18,10,13,1,3,131,136,36,46,23,35,21,10,21,10,8,26,12,13,10,17,2,16,46,13,5,13,12,8,30,21,35,32,3,14,42,22,10,14,23,36,26,11,27,4,38,50,6,29,31,28,12,9,23,19,56,11,94,59,19,58,22,25,18,12,50,44,9,6
nh0245,269,118,32,41,22,13,6,110,16,19,24,69,85,21,14,35,27,24,282,275,45,17,77,71,87,177,41,49,44,29,3,12,14,53,43,14,150,148,30,38,25,71,27,18,22,10,34,22,11,48,7,45,8,20,52,63,9,37,33,57,48,35,34,49,21,16,51,29,10,27,41,65,65,15,14,74,104,96,11,27,35,26,24,7,13,5,34,26,35,29,10,38,8,8,53,15,22,44,25,4
nh0246,1418,982,175,252,117,105,123,383,114,108,171,187,231,80,152,107,81,142,1622,1528,244,78,327,163,289,670,226,186,212,196,105,77,92,191,233,22,733,595,87,104,290,234,74,131,78,167,102,141,119,91,82,233,173,159,543,86,155,142,144,160,173,237,142,286,81,84,224,79,47,125,119,363,278,109,93,349,465,578,76,124,126,96,80,66,146,107,281,135,337,335,200,373,84,138,201,150,300,302,141,76
nh0247,1253,491,58,121,101,72,76,412,94,100,18,224,214,40,42,123,108,84,1306,953,187,62,345,171,220,592,159,169,174,132,76,70,55,60,122,100,485,318,68,92,115,207,92,107,63,158,67,33,62,120,40,75,64,94,334,58,46,39,82,60,144,136,168,159,28,87,182,98,115,103,141,189,132,74,53,140,293,411,106,110,113,69,111,129,84,64,211,125,309,169,155,203,40,58,124,154,287,219,63,72
nh0248,260,125,14,35,24,14,23,87,26,14,12,46,36,12,14,26,10,14,251,270,42,24,60,30,25,129,43,33,28,25,18,26,22,9,22,34,77,85,18,19,40,41,19,14,19,35,8,25,14,9,3,9,30,23,104,11,10,12,22,16,39,18,52,28,14,26,42,22,32,22,19,47,42,27,10,25,73,78,15,19,20,13,11,40,16,9,42,30,68,34,16,30,11,16,34,26,42,34,22,7
nh0249,353,140,34,47,36,11,24,80,29,10,3,62,51,17,15,20,14,13,447,349,68,15,141,53,54,172,72,48,47,41,30,19,18,16,21,8,168,80,35,47,40,62,29,12,10,32,8,7,18,17,9,8,22,36,50,16,20,5,11,17,30,19,63,47,28,23,47,18,19,15,28,38,29,11,19,21,58,100,11,27,20,20,17,8,26,8,39,27,99,62,39,49,12,24,25,51,48,30,14,8
nh0250,190,57,9,9,19,11,28,65,8,14,14,14,26,6,12,17,6,13,77,65,24,15,19,24,9,49,12,26,24,9,7,3,10,28,11,2,55,44,9,10,9,39,12,14,15,24,5,9,5,9,6,8,6,18,49,8,5,5,12,21,14,6,13,14,9,21,18,6,19,6,12,49,23,20,6,44,46,32,6,20,8,10,11,10,7,15,26,8,9,11,8,19,4,2,30,8,16,23,8,3
nh0251,118,54,9,11,22,3,2,19,14,11,5,17,27,9,5,15,8,12,95,93,23,8,28,51,10,41,18,39,38,14,9,6,3,17,6,4,51,37,9,8,23,22,9,10,11,1,3,11,10,10,10,2,9,8,21,6,2,16,8,19,9,6,14,22,0,11,12,6,4,6,7,18,15,8,2,36,34,25,11,14,5,6,5,12,14,6,29,13,25,15,17,16,5,10,14,10,15,15,7,5
nh0252,145,60,8,11,31,1,6,15,11,16,5,21,26,9,9,16,14,28,102,79,25,12,38,65,21,31,24,43,34,15,7,2,4,9,13,1,63,32,11,15,14,19,6,23,14,3,4,13,7,5,9,7,13,10,37,5,9,11,8,26,7,6,18,21,0,14,9,4,6,6,10,23,10,5,4,57,32,59,17,11,8,8,7,2,7,7,26,24,29,20,17,12,8,6,14,10,25,10,8,8
nh0253,740,533,138,157,94,67,33,174,54,64,148,113,139,38,61,40,40,72,758,834,184,46,291,94,126,258,97,136,149,108,77,48,25,76,74,0,343,434,68,70,108,127,35,68,71,48,61,236,63,48,72,159,53,35,201,48,56,115,94,76,90,94,107,115,42,61,133,46,40,60,68,145,95,64,40,99,212,275,50,67,73,49,59,54,82,57,152,42,177,172,80,183,38,52,109,52,93,202,29,90
nh0254,114,48,11,21,16,8,2,13,4,9,10,12,17,7,1,2,11,3,135,83,16,4,34,22,14,16,18,22,14,7,6,2,1,6,5,3,62,46,5,15,1,11,1,18,9,8,8,11,3,1,11,9,4,4,25,18,5,25,7,25,13,13,10,18,5,6,11,6,3,11,2,11,16,1,6,29,29,44,13,5,7,5,1,17,4,10,15,4,14,12,13,13,12,7,8,3,2,33,2,14
nh0255,339,158,42,64,6,17,13,85,32,24,8,55,42,29,17,38,16,11,506,317,79,13,171,9,64,161,101,81,40,30,28,23,25,14,30,12,135,116,33,57,44,56,31,31,24,9,8,15,21,16,19,15,8,34,52,14,26,18,17,5,33,11,68,81,10,33,64,34,12,16,14,47,41,14,10,14,46,117,7,43,38,52,11,27,14,28,62,18,100,65,33,45,19,18,12,50,32,28,23,1
nh0256,208,97,24,46,5,20,6,75,27,24,18,37,23,18,8,45,8,6,159,171,41,12,87,7,51,108,46,28,27,48,3,17,21,14,14,3,84,96,24,26,30,69,26,27,8,6,12,25,11,8,16,6,7,13,58,19,8,16,24,3,23,25,28,36,8,16,15,11,16,14,21,26,51,24,10,12,56,52,7,30,25,15,22,11,13,16,38,19,22,39,27,37,26,32,28,13,22,38,17,5
