,call,fit_time,score_time,test_accuracy,test_f1,test_precision,test_recall,train_accuracy,train_f1,train_precision,train_recall,subgenre_level,class1,class2,mfw,token_unit,normalization,data_repetition
0,0,0.04291224479675293,0.007526874542236328,0.9411764705882353,0.9333333333333333,1.0,0.875,1.0,1.0,1.0,1.0,subgenre-current,novela romántica,other,2000,word,tfidf,0
1,1,0.043889760971069336,0.00747990608215332,0.9411764705882353,0.9411764705882353,0.8888888888888888,1.0,1.0,1.0,1.0,1.0,subgenre-current,novela romántica,other,2000,word,tfidf,0
2,2,0.04346632957458496,0.007324934005737305,0.8235294117647058,0.7692307692307693,1.0,0.625,1.0,1.0,1.0,1.0,subgenre-current,novela romántica,other,2000,word,tfidf,0
3,3,0.04340982437133789,0.007250547409057617,1.0,1.0,1.0,1.0,1.0,1.0,1.0,1.0,subgenre-current,novela romántica,other,2000,word,tfidf,0
4,4,0.043773651123046875,0.0073926448822021484,0.8823529411764706,0.875,0.875,0.875,1.0,1.0,1.0,1.0,subgenre-current,novela romántica,other,2000,word,tfidf,0
5,5,0.043537139892578125,0.007378578186035156,0.9411764705882353,0.9473684210526316,0.9,1.0,1.0,1.0,1.0,1.0,subgenre-current,novela romántica,other,2000,word,tfidf,0
6,6,0.04259943962097168,0.007074832916259766,0.7647058823529411,0.7777777777777778,0.7777777777777778,0.7777777777777778,1.0,1.0,1.0,1.0,subgenre-current,novela romántica,other,2000,word,tfidf,0
7,7,0.04524731636047363,0.010213851928710938,1.0,1.0,1.0,1.0,1.0,1.0,1.0,1.0,subgenre-current,novela romántica,other,2000,word,tfidf,0
8,8,0.0442500114440918,0.007430553436279297,0.7058823529411765,0.7368421052631577,0.7,0.7777777777777778,1.0,1.0,1.0,1.0,subgenre-current,novela romántica,other,2000,word,tfidf,0
9,9,0.044611454010009766,0.007560253143310547,0.9411764705882353,0.9411764705882353,1.0,0.8888888888888888,1.0,1.0,1.0,1.0,subgenre-current,novela romántica,other,2000,word,tfidf,0
10,0,0.043929100036621094,0.0074748992919921875,1.0,1.0,1.0,1.0,1.0,1.0,1.0,1.0,subgenre-current,novela romántica,other,2000,word,tfidf,1
11,1,0.04454541206359863,0.007552623748779297,0.9411764705882353,0.9411764705882353,0.8888888888888888,1.0,1.0,1.0,1.0,1.0,subgenre-current,novela romántica,other,2000,word,tfidf,1
12,2,0.046973466873168945,0.0077741146087646484,1.0,1.0,1.0,1.0,1.0,1.0,1.0,1.0,subgenre-current,novela romántica,other,2000,word,tfidf,1
13,3,0.04860734939575195,0.009708166122436523,0.9411764705882353,0.9333333333333333,1.0,0.875,1.0,1.0,1.0,1.0,subgenre-current,novela romántica,other,2000,word,tfidf,1
14,4,0.04521775245666504,0.00771021842956543,0.8823529411764706,0.875,0.875,0.875,1.0,1.0,1.0,1.0,subgenre-current,novela romántica,other,2000,word,tfidf,1
15,5,0.04500222206115723,0.007435321807861328,0.9411764705882353,0.9473684210526316,0.9,1.0,1.0,1.0,1.0,1.0,subgenre-current,novela romántica,other,2000,word,tfidf,1
16,6,0.04390311241149902,0.007244586944580078,0.7647058823529411,0.7777777777777778,0.7777777777777778,0.7777777777777778,1.0,1.0,1.0,1.0,subgenre-current,novela romántica,other,2000,word,tfidf,1
17,7,0.043851375579833984,0.007378816604614258,0.9411764705882353,0.9411764705882353,1.0,0.8888888888888888,1.0,1.0,1.0,1.0,subgenre-current,novela romántica,other,2000,word,tfidf,1
18,8,0.04455089569091797,0.007424116134643555,0.8823529411764706,0.8888888888888888,0.8888888888888888,0.8888888888888888,1.0,1.0,1.0,1.0,subgenre-current,novela romántica,other,2000,word,tfidf,1
19,9,0.0456845760345459,0.007737398147583008,0.9411764705882353,0.9411764705882353,1.0,0.8888888888888888,1.0,1.0,1.0,1.0,subgenre-current,novela romántica,other,2000,word,tfidf,1
20,0,0.0443263053894043,0.007300615310668945,0.8823529411764706,0.8750000000000001,1.0,0.7777777777777778,1.0,1.0,1.0,1.0,subgenre-current,novela romántica,other,2000,word,tfidf,2
21,1,0.0447385311126709,0.007374763488769531,0.9411764705882353,0.9473684210526316,0.9,1.0,1.0,1.0,1.0,1.0,subgenre-current,novela romántica,other,2000,word,tfidf,2
22,2,0.04419589042663574,0.007322788238525391,0.8823529411764706,0.8750000000000001,1.0,0.7777777777777778,1.0,1.0,1.0,1.0,subgenre-current,novela romántica,other,2000,word,tfidf,2
23,3,0.04341316223144531,0.007185697555541992,1.0,1.0,1.0,1.0,1.0,1.0,1.0,1.0,subgenre-current,novela romántica,other,2000,word,tfidf,2
24,4,0.04503655433654785,0.007513284683227539,1.0,1.0,1.0,1.0,1.0,1.0,1.0,1.0,subgenre-current,novela romántica,other,2000,word,tfidf,2
25,5,0.04302096366882324,0.00704193115234375,0.7647058823529411,0.75,0.75,0.75,1.0,1.0,1.0,1.0,subgenre-current,novela romántica,other,2000,word,tfidf,2
26,6,0.04385852813720703,0.007199764251708984,0.9411764705882353,0.9333333333333333,1.0,0.875,1.0,1.0,1.0,1.0,subgenre-current,novela romántica,other,2000,word,tfidf,2
27,7,0.04356217384338379,0.007303714752197266,0.9411764705882353,0.9411764705882353,0.8888888888888888,1.0,1.0,1.0,1.0,1.0,subgenre-current,novela romántica,other,2000,word,tfidf,2
28,8,0.04178428649902344,0.0069391727447509766,0.7647058823529411,0.7777777777777777,0.7,0.875,1.0,1.0,1.0,1.0,subgenre-current,novela romántica,other,2000,word,tfidf,2
29,9,0.043634653091430664,0.007239341735839844,0.9411764705882353,0.9333333333333333,1.0,0.875,1.0,1.0,1.0,1.0,subgenre-current,novela romántica,other,2000,word,tfidf,2
30,0,0.043447256088256836,0.007351398468017578,0.9411764705882353,0.9411764705882353,1.0,0.8888888888888888,1.0,1.0,1.0,1.0,subgenre-current,novela romántica,other,2000,word,tfidf,3
31,1,0.04427480697631836,0.007271766662597656,0.9411764705882353,0.9473684210526316,0.9,1.0,1.0,1.0,1.0,1.0,subgenre-current,novela romántica,other,2000,word,tfidf,3
32,2,0.0437769889831543,0.007220745086669922,0.8823529411764706,0.8750000000000001,1.0,0.7777777777777778,1.0,1.0,1.0,1.0,subgenre-current,novela romántica,other,2000,word,tfidf,3
33,3,0.04424929618835449,0.007489919662475586,1.0,1.0,1.0,1.0,1.0,1.0,1.0,1.0,subgenre-current,novela romántica,other,2000,word,tfidf,3
34,4,0.04535388946533203,0.007385969161987305,0.9411764705882353,0.9411764705882353,1.0,0.8888888888888888,1.0,1.0,1.0,1.0,subgenre-current,novela romántica,other,2000,word,tfidf,3
35,5,0.04458260536193848,0.007433891296386719,0.8235294117647058,0.823529411764706,0.7777777777777778,0.875,1.0,1.0,1.0,1.0,subgenre-current,novela romántica,other,2000,word,tfidf,3
36,6,0.04449582099914551,0.007509469985961914,0.9411764705882353,0.9333333333333333,1.0,0.875,1.0,1.0,1.0,1.0,subgenre-current,novela romántica,other,2000,word,tfidf,3
37,7,0.04481863975524902,0.007375240325927734,0.8235294117647058,0.823529411764706,0.7777777777777778,0.875,1.0,1.0,1.0,1.0,subgenre-current,novela romántica,other,2000,word,tfidf,3
38,8,0.0441737174987793,0.00746917724609375,0.8823529411764706,0.888888888888889,0.8,1.0,1.0,1.0,1.0,1.0,subgenre-current,novela romántica,other,2000,word,tfidf,3
39,9,0.0455014705657959,0.0074846744537353516,1.0,1.0,1.0,1.0,1.0,1.0,1.0,1.0,subgenre-current,novela romántica,other,2000,word,tfidf,3
40,0,0.04371213912963867,0.007213115692138672,0.8823529411764706,0.8750000000000001,1.0,0.7777777777777778,1.0,1.0,1.0,1.0,subgenre-current,novela romántica,other,2000,word,tfidf,4
41,1,0.044513702392578125,0.0076901912689208984,0.8823529411764706,0.8888888888888888,0.8888888888888888,0.8888888888888888,1.0,1.0,1.0,1.0,subgenre-current,novela romántica,other,2000,word,tfidf,4
42,2,0.04273200035095215,0.0070569515228271484,0.9411764705882353,0.9411764705882353,1.0,0.8888888888888888,1.0,1.0,1.0,1.0,subgenre-current,novela romántica,other,2000,word,tfidf,4
43,3,0.044835567474365234,0.007877349853515625,0.9411764705882353,0.9411764705882353,1.0,0.8888888888888888,1.0,1.0,1.0,1.0,subgenre-current,novela romántica,other,2000,word,tfidf,4
44,4,0.04413104057312012,0.007538795471191406,0.9411764705882353,0.9411764705882353,1.0,0.8888888888888888,1.0,1.0,1.0,1.0,subgenre-current,novela romántica,other,2000,word,tfidf,4
45,5,0.04426217079162598,0.0074765682220458984,0.8235294117647058,0.823529411764706,0.7777777777777778,0.875,1.0,1.0,1.0,1.0,subgenre-current,novela romántica,other,2000,word,tfidf,4
46,6,0.04350996017456055,0.007154941558837891,1.0,1.0,1.0,1.0,1.0,1.0,1.0,1.0,subgenre-current,novela romántica,other,2000,word,tfidf,4
47,7,0.04367232322692871,0.007310628890991211,0.9411764705882353,0.9333333333333333,1.0,0.875,1.0,1.0,1.0,1.0,subgenre-current,novela romántica,other,2000,word,tfidf,4
48,8,0.043154239654541016,0.007292270660400391,0.8823529411764706,0.888888888888889,0.8,1.0,1.0,1.0,1.0,1.0,subgenre-current,novela romántica,other,2000,word,tfidf,4
49,9,0.04403543472290039,0.007531404495239258,1.0,1.0,1.0,1.0,1.0,1.0,1.0,1.0,subgenre-current,novela romántica,other,2000,word,tfidf,4
50,0,0.04433250427246094,0.007492780685424805,0.8823529411764706,0.8750000000000001,1.0,0.7777777777777778,1.0,1.0,1.0,1.0,subgenre-current,novela romántica,other,2000,word,tfidf,5
51,1,0.04579496383666992,0.007786750793457031,0.9411764705882353,0.9473684210526316,0.9,1.0,1.0,1.0,1.0,1.0,subgenre-current,novela romántica,other,2000,word,tfidf,5
52,2,0.04454684257507324,0.007406473159790039,0.8823529411764706,0.8750000000000001,1.0,0.7777777777777778,1.0,1.0,1.0,1.0,subgenre-current,novela romántica,other,2000,word,tfidf,5
53,3,0.044046878814697266,0.007681131362915039,0.9411764705882353,0.9411764705882353,1.0,0.8888888888888888,1.0,1.0,1.0,1.0,subgenre-current,novela romántica,other,2000,word,tfidf,5
54,4,0.04562640190124512,0.0078008174896240234,1.0,1.0,1.0,1.0,1.0,1.0,1.0,1.0,subgenre-current,novela romántica,other,2000,word,tfidf,5
55,5,0.04556107521057129,0.007866382598876953,0.7647058823529411,0.75,0.75,0.75,1.0,1.0,1.0,1.0,subgenre-current,novela romántica,other,2000,word,tfidf,5
56,6,0.045587778091430664,0.00776219367980957,1.0,1.0,1.0,1.0,1.0,1.0,1.0,1.0,subgenre-current,novela romántica,other,2000,word,tfidf,5
57,7,0.04594731330871582,0.008155584335327148,0.8823529411764706,0.888888888888889,0.8,1.0,1.0,1.0,1.0,1.0,subgenre-current,novela romántica,other,2000,word,tfidf,5
58,8,0.04427385330200195,0.007336139678955078,0.8235294117647058,0.823529411764706,0.7777777777777778,0.875,1.0,1.0,1.0,1.0,subgenre-current,novela romántica,other,2000,word,tfidf,5
59,9,0.04484748840332031,0.007485389709472656,1.0,1.0,1.0,1.0,1.0,1.0,1.0,1.0,subgenre-current,novela romántica,other,2000,word,tfidf,5
60,0,0.04459738731384277,0.007780551910400391,1.0,1.0,1.0,1.0,1.0,1.0,1.0,1.0,subgenre-current,novela romántica,other,2000,word,tfidf,6
61,1,0.04529690742492676,0.0076181888580322266,0.9411764705882353,0.9473684210526316,0.9,1.0,1.0,1.0,1.0,1.0,subgenre-current,novela romántica,other,2000,word,tfidf,6
62,2,0.04465842247009277,0.008026838302612305,0.9411764705882353,0.9411764705882353,1.0,0.8888888888888888,1.0,1.0,1.0,1.0,subgenre-current,novela romántica,other,2000,word,tfidf,6
63,3,0.04356241226196289,0.007528543472290039,0.9411764705882353,0.9411764705882353,1.0,0.8888888888888888,1.0,1.0,1.0,1.0,subgenre-current,novela romántica,other,2000,word,tfidf,6
64,4,0.044800758361816406,0.007525205612182617,0.8823529411764706,0.8750000000000001,1.0,0.7777777777777778,1.0,1.0,1.0,1.0,subgenre-current,novela romántica,other,2000,word,tfidf,6
65,5,0.04367828369140625,0.007938385009765625,0.8823529411764706,0.888888888888889,0.8,1.0,1.0,1.0,1.0,1.0,subgenre-current,novela romántica,other,2000,word,tfidf,6
66,6,0.04387950897216797,0.007536888122558594,0.9411764705882353,0.9333333333333333,1.0,0.875,1.0,1.0,1.0,1.0,subgenre-current,novela romántica,other,2000,word,tfidf,6
67,7,0.043482065200805664,0.007512092590332031,0.9411764705882353,0.9411764705882353,0.8888888888888888,1.0,1.0,1.0,1.0,1.0,subgenre-current,novela romántica,other,2000,word,tfidf,6
68,8,0.04394030570983887,0.00769495964050293,0.8235294117647058,0.823529411764706,0.7777777777777778,0.875,1.0,1.0,1.0,1.0,subgenre-current,novela romántica,other,2000,word,tfidf,6
69,9,0.04514050483703613,0.007869482040405273,0.9411764705882353,0.9333333333333333,1.0,0.875,1.0,1.0,1.0,1.0,subgenre-current,novela romántica,other,2000,word,tfidf,6
70,0,0.04368090629577637,0.007288455963134766,0.8823529411764706,0.8750000000000001,1.0,0.7777777777777778,1.0,1.0,1.0,1.0,subgenre-current,novela romántica,other,2000,word,tfidf,7
71,1,0.04370260238647461,0.007260322570800781,0.9411764705882353,0.9473684210526316,0.9,1.0,1.0,1.0,1.0,1.0,subgenre-current,novela romántica,other,2000,word,tfidf,7
72,2,0.043659210205078125,0.007430315017700195,1.0,1.0,1.0,1.0,1.0,1.0,1.0,1.0,subgenre-current,novela romántica,other,2000,word,tfidf,7
73,3,0.04285025596618652,0.007491588592529297,0.9411764705882353,0.9411764705882353,1.0,0.8888888888888888,1.0,1.0,1.0,1.0,subgenre-current,novela romántica,other,2000,word,tfidf,7
74,4,0.04548454284667969,0.007470130920410156,0.9411764705882353,0.9411764705882353,1.0,0.8888888888888888,1.0,1.0,1.0,1.0,subgenre-current,novela romántica,other,2000,word,tfidf,7
75,5,0.04422736167907715,0.007462263107299805,0.8235294117647058,0.823529411764706,0.7777777777777778,0.875,1.0,1.0,1.0,1.0,subgenre-current,novela romántica,other,2000,word,tfidf,7
76,6,0.04449009895324707,0.007413148880004883,0.9411764705882353,0.9333333333333333,1.0,0.875,1.0,1.0,1.0,1.0,subgenre-current,novela romántica,other,2000,word,tfidf,7
77,7,0.0437932014465332,0.007265806198120117,0.9411764705882353,0.9411764705882353,0.8888888888888888,1.0,1.0,1.0,1.0,1.0,subgenre-current,novela romántica,other,2000,word,tfidf,7
78,8,0.04312849044799805,0.007070779800415039,0.8823529411764706,0.875,0.875,0.875,1.0,1.0,1.0,1.0,subgenre-current,novela romántica,other,2000,word,tfidf,7
79,9,0.04450535774230957,0.007424116134643555,1.0,1.0,1.0,1.0,1.0,1.0,1.0,1.0,subgenre-current,novela romántica,other,2000,word,tfidf,7
80,0,0.049477338790893555,0.013620615005493164,0.9411764705882353,0.9411764705882353,1.0,0.8888888888888888,1.0,1.0,1.0,1.0,subgenre-current,novela romántica,other,2000,word,tfidf,8
81,1,0.04794025421142578,0.008075237274169922,0.9411764705882353,0.9473684210526316,0.9,1.0,1.0,1.0,1.0,1.0,subgenre-current,novela romántica,other,2000,word,tfidf,8
82,2,0.0461118221282959,0.007400989532470703,0.8823529411764706,0.8750000000000001,1.0,0.7777777777777778,1.0,1.0,1.0,1.0,subgenre-current,novela romántica,other,2000,word,tfidf,8
83,3,0.04621624946594238,0.0076448917388916016,0.9411764705882353,0.9411764705882353,1.0,0.8888888888888888,1.0,1.0,1.0,1.0,subgenre-current,novela romántica,other,2000,word,tfidf,8
84,4,0.04370856285095215,0.007375240325927734,1.0,1.0,1.0,1.0,1.0,1.0,1.0,1.0,subgenre-current,novela romántica,other,2000,word,tfidf,8
85,5,0.0452578067779541,0.007805824279785156,0.8823529411764706,0.888888888888889,0.8,1.0,1.0,1.0,1.0,1.0,subgenre-current,novela romántica,other,2000,word,tfidf,8
86,6,0.04445648193359375,0.007603168487548828,1.0,1.0,1.0,1.0,1.0,1.0,1.0,1.0,subgenre-current,novela romántica,other,2000,word,tfidf,8
87,7,0.043830156326293945,0.0074613094329833984,0.8823529411764706,0.888888888888889,0.8,1.0,1.0,1.0,1.0,1.0,subgenre-current,novela romántica,other,2000,word,tfidf,8
88,8,0.04213428497314453,0.007174968719482422,0.8235294117647058,0.823529411764706,0.7777777777777778,0.875,1.0,1.0,1.0,1.0,subgenre-current,novela romántica,other,2000,word,tfidf,8
89,9,0.04474234580993652,0.010274171829223633,0.9411764705882353,0.9333333333333333,1.0,0.875,1.0,1.0,1.0,1.0,subgenre-current,novela romántica,other,2000,word,tfidf,8
90,0,0.04421663284301758,0.007394075393676758,0.9411764705882353,0.9411764705882353,1.0,0.8888888888888888,1.0,1.0,1.0,1.0,subgenre-current,novela romántica,other,2000,word,tfidf,9
91,1,0.04540300369262695,0.007667064666748047,0.9411764705882353,0.9473684210526316,0.9,1.0,1.0,1.0,1.0,1.0,subgenre-current,novela romántica,other,2000,word,tfidf,9
92,2,0.043392181396484375,0.007567405700683594,0.8823529411764706,0.8750000000000001,1.0,0.7777777777777778,1.0,1.0,1.0,1.0,subgenre-current,novela romántica,other,2000,word,tfidf,9
93,3,0.0458531379699707,0.0077741146087646484,0.9411764705882353,0.9411764705882353,1.0,0.8888888888888888,1.0,1.0,1.0,1.0,subgenre-current,novela romántica,other,2000,word,tfidf,9
94,4,0.04584383964538574,0.008046150207519531,0.9411764705882353,0.9411764705882353,1.0,0.8888888888888888,1.0,1.0,1.0,1.0,subgenre-current,novela romántica,other,2000,word,tfidf,9
95,5,0.04468393325805664,0.0076177120208740234,0.8235294117647058,0.823529411764706,0.7777777777777778,0.875,1.0,1.0,1.0,1.0,subgenre-current,novela romántica,other,2000,word,tfidf,9
96,6,0.045296430587768555,0.007623195648193359,1.0,1.0,1.0,1.0,1.0,1.0,1.0,1.0,subgenre-current,novela romántica,other,2000,word,tfidf,9
97,7,0.044274330139160156,0.007596015930175781,0.9411764705882353,0.9411764705882353,0.8888888888888888,1.0,1.0,1.0,1.0,1.0,subgenre-current,novela romántica,other,2000,word,tfidf,9
98,8,0.04313802719116211,0.007451772689819336,0.8823529411764706,0.888888888888889,0.8,1.0,1.0,1.0,1.0,1.0,subgenre-current,novela romántica,other,2000,word,tfidf,9
99,9,0.04494667053222656,0.0076563358306884766,1.0,1.0,1.0,1.0,1.0,1.0,1.0,1.0,subgenre-current,novela romántica,other,2000,word,tfidf,9
100,0,0.00992894172668457,0.004491567611694336,0.8571428571428571,0.888888888888889,0.8,1.0,1.0,1.0,1.0,1.0,subgenre-current,novela realista,other,2000,word,tfidf,0
101,1,0.009395360946655273,0.004647254943847656,0.8571428571428571,0.8571428571428571,1.0,0.75,1.0,1.0,1.0,1.0,subgenre-current,novela realista,other,2000,word,tfidf,0
102,2,0.009395360946655273,0.004659891128540039,1.0,1.0,1.0,1.0,1.0,1.0,1.0,1.0,subgenre-current,novela realista,other,2000,word,tfidf,0
103,3,0.009287118911743164,0.004487276077270508,0.8571428571428571,0.888888888888889,0.8,1.0,1.0,1.0,1.0,1.0,subgenre-current,novela realista,other,2000,word,tfidf,0
104,4,0.009239673614501953,0.004599571228027344,0.7142857142857143,0.75,0.75,0.75,1.0,1.0,1.0,1.0,subgenre-current,novela realista,other,2000,word,tfidf,0
105,5,0.009268045425415039,0.004501819610595703,0.8571428571428571,0.8571428571428571,0.75,1.0,1.0,1.0,1.0,1.0,subgenre-current,novela realista,other,2000,word,tfidf,0
106,6,0.009295225143432617,0.004788875579833984,1.0,1.0,1.0,1.0,1.0,1.0,1.0,1.0,subgenre-current,novela realista,other,2000,word,tfidf,0
107,7,0.009227514266967773,0.004540205001831055,1.0,1.0,1.0,1.0,1.0,1.0,1.0,1.0,subgenre-current,novela realista,other,2000,word,tfidf,0
108,8,0.00912618637084961,0.004529476165771484,0.7142857142857143,0.5,1.0,0.3333333333333333,1.0,1.0,1.0,1.0,subgenre-current,novela realista,other,2000,word,tfidf,0
109,9,0.009413719177246094,0.004548311233520508,0.8571428571428571,0.8571428571428571,0.75,1.0,1.0,1.0,1.0,1.0,subgenre-current,novela realista,other,2000,word,tfidf,0
110,0,0.009348392486572266,0.0045566558837890625,0.7142857142857143,0.75,0.75,0.75,1.0,1.0,1.0,1.0,subgenre-current,novela realista,other,2000,word,tfidf,1
111,1,0.00955963134765625,0.004480600357055664,0.8571428571428571,0.8571428571428571,1.0,0.75,1.0,1.0,1.0,1.0,subgenre-current,novela realista,other,2000,word,tfidf,1
112,2,0.009804010391235352,0.004599332809448242,0.7142857142857143,0.8,0.6666666666666666,1.0,1.0,1.0,1.0,1.0,subgenre-current,novela realista,other,2000,word,tfidf,1
113,3,0.009522676467895508,0.004651546478271484,0.8571428571428571,0.888888888888889,0.8,1.0,1.0,1.0,1.0,1.0,subgenre-current,novela realista,other,2000,word,tfidf,1
114,4,0.009643077850341797,0.004525423049926758,0.8571428571428571,0.8571428571428571,1.0,0.75,1.0,1.0,1.0,1.0,subgenre-current,novela realista,other,2000,word,tfidf,1
115,5,0.009578466415405273,0.004557609558105469,0.7142857142857143,0.6666666666666666,0.6666666666666666,0.6666666666666666,1.0,1.0,1.0,1.0,subgenre-current,novela realista,other,2000,word,tfidf,1
116,6,0.009637594223022461,0.0047032833099365234,0.8571428571428571,0.8571428571428571,0.75,1.0,1.0,1.0,1.0,1.0,subgenre-current,novela realista,other,2000,word,tfidf,1
117,7,0.009623289108276367,0.004480600357055664,1.0,1.0,1.0,1.0,1.0,1.0,1.0,1.0,subgenre-current,novela realista,other,2000,word,tfidf,1
118,8,0.009691953659057617,0.00452113151550293,0.2857142857142857,0.28571428571428575,0.25,0.3333333333333333,1.0,1.0,1.0,1.0,subgenre-current,novela realista,other,2000,word,tfidf,1
119,9,0.009618520736694336,0.004506111145019531,1.0,1.0,1.0,1.0,1.0,1.0,1.0,1.0,subgenre-current,novela realista,other,2000,word,tfidf,1
120,0,0.00939631462097168,0.0044956207275390625,1.0,1.0,1.0,1.0,1.0,1.0,1.0,1.0,subgenre-current,novela realista,other,2000,word,tfidf,2
121,1,0.009271860122680664,0.004500150680541992,0.7142857142857143,0.75,0.75,0.75,1.0,1.0,1.0,1.0,subgenre-current,novela realista,other,2000,word,tfidf,2
122,2,0.009274721145629883,0.004669189453125,1.0,1.0,1.0,1.0,1.0,1.0,1.0,1.0,subgenre-current,novela realista,other,2000,word,tfidf,2
123,3,0.00934600830078125,0.004567384719848633,0.8571428571428571,0.8571428571428571,1.0,0.75,1.0,1.0,1.0,1.0,subgenre-current,novela realista,other,2000,word,tfidf,2
124,4,0.009370088577270508,0.004550933837890625,0.8571428571428571,0.8571428571428571,1.0,0.75,1.0,1.0,1.0,1.0,subgenre-current,novela realista,other,2000,word,tfidf,2
125,5,0.009247303009033203,0.0045032501220703125,0.7142857142857143,0.7499999999999999,0.6,1.0,1.0,1.0,1.0,1.0,subgenre-current,novela realista,other,2000,word,tfidf,2
126,6,0.009290456771850586,0.004486799240112305,1.0,1.0,1.0,1.0,1.0,1.0,1.0,1.0,subgenre-current,novela realista,other,2000,word,tfidf,2
127,7,0.009852886199951172,0.006131410598754883,0.8571428571428571,0.8571428571428571,0.75,1.0,1.0,1.0,1.0,1.0,subgenre-current,novela realista,other,2000,word,tfidf,2
128,8,0.00976109504699707,0.004631757736206055,0.5714285714285714,0.4,0.5,0.3333333333333333,1.0,1.0,1.0,1.0,subgenre-current,novela realista,other,2000,word,tfidf,2
129,9,0.009564638137817383,0.004541873931884766,1.0,1.0,1.0,1.0,1.0,1.0,1.0,1.0,subgenre-current,novela realista,other,2000,word,tfidf,2
130,0,0.009566307067871094,0.004499197006225586,0.7142857142857143,0.75,0.75,0.75,1.0,1.0,1.0,1.0,subgenre-current,novela realista,other,2000,word,tfidf,3
131,1,0.009313344955444336,0.004553794860839844,0.8571428571428571,0.8571428571428571,1.0,0.75,1.0,1.0,1.0,1.0,subgenre-current,novela realista,other,2000,word,tfidf,3
132,2,0.009290218353271484,0.004509687423706055,0.7142857142857143,0.8,0.6666666666666666,1.0,1.0,1.0,1.0,1.0,subgenre-current,novela realista,other,2000,word,tfidf,3
133,3,0.009310722351074219,0.004553556442260742,0.8571428571428571,0.8571428571428571,1.0,0.75,1.0,1.0,1.0,1.0,subgenre-current,novela realista,other,2000,word,tfidf,3
134,4,0.009371042251586914,0.004503488540649414,0.8571428571428571,0.8571428571428571,1.0,0.75,1.0,1.0,1.0,1.0,subgenre-current,novela realista,other,2000,word,tfidf,3
135,5,0.00933980941772461,0.004524707794189453,1.0,1.0,1.0,1.0,1.0,1.0,1.0,1.0,subgenre-current,novela realista,other,2000,word,tfidf,3
136,6,0.009302616119384766,0.004462718963623047,0.8571428571428571,0.8571428571428571,0.75,1.0,1.0,1.0,1.0,1.0,subgenre-current,novela realista,other,2000,word,tfidf,3
137,7,0.009244680404663086,0.00449824333190918,0.8571428571428571,0.8571428571428571,0.75,1.0,1.0,1.0,1.0,1.0,subgenre-current,novela realista,other,2000,word,tfidf,3
138,8,0.011106014251708984,0.004595279693603516,0.7142857142857143,0.5,1.0,0.3333333333333333,1.0,1.0,1.0,1.0,subgenre-current,novela realista,other,2000,word,tfidf,3
139,9,0.009288787841796875,0.004435062408447266,0.8571428571428571,0.8571428571428571,0.75,1.0,1.0,1.0,1.0,1.0,subgenre-current,novela realista,other,2000,word,tfidf,3
140,0,0.009226799011230469,0.004483938217163086,1.0,1.0,1.0,1.0,1.0,1.0,1.0,1.0,subgenre-current,novela realista,other,2000,word,tfidf,4
141,1,0.009351015090942383,0.004592180252075195,0.8571428571428571,0.8571428571428571,1.0,0.75,1.0,1.0,1.0,1.0,subgenre-current,novela realista,other,2000,word,tfidf,4
142,2,0.00963449478149414,0.004506111145019531,1.0,1.0,1.0,1.0,1.0,1.0,1.0,1.0,subgenre-current,novela realista,other,2000,word,tfidf,4
143,3,0.009676218032836914,0.005414009094238281,0.8571428571428571,0.888888888888889,0.8,1.0,1.0,1.0,1.0,1.0,subgenre-current,novela realista,other,2000,word,tfidf,4
144,4,0.009404420852661133,0.004433155059814453,0.8571428571428571,0.8571428571428571,1.0,0.75,1.0,1.0,1.0,1.0,subgenre-current,novela realista,other,2000,word,tfidf,4
145,5,0.009371280670166016,0.004467010498046875,1.0,1.0,1.0,1.0,1.0,1.0,1.0,1.0,subgenre-current,novela realista,other,2000,word,tfidf,4
146,6,0.009376287460327148,0.0044972896575927734,1.0,1.0,1.0,1.0,1.0,1.0,1.0,1.0,subgenre-current,novela realista,other,2000,word,tfidf,4
147,7,0.009398937225341797,0.0045108795166015625,0.5714285714285714,0.6666666666666666,0.5,1.0,1.0,1.0,1.0,1.0,subgenre-current,novela realista,other,2000,word,tfidf,4
148,8,0.00927877426147461,0.004437446594238281,0.8571428571428571,0.8,1.0,0.6666666666666666,1.0,1.0,1.0,1.0,subgenre-current,novela realista,other,2000,word,tfidf,4
149,9,0.009319543838500977,0.004407405853271484,0.8571428571428571,0.8571428571428571,0.75,1.0,1.0,1.0,1.0,1.0,subgenre-current,novela realista,other,2000,word,tfidf,4
150,0,0.009356260299682617,0.004665374755859375,1.0,1.0,1.0,1.0,1.0,1.0,1.0,1.0,subgenre-current,novela realista,other,2000,word,tfidf,5
151,1,0.009395122528076172,0.0045812129974365234,0.7142857142857143,0.75,0.75,0.75,1.0,1.0,1.0,1.0,subgenre-current,novela realista,other,2000,word,tfidf,5
152,2,0.009240865707397461,0.004456996917724609,1.0,1.0,1.0,1.0,1.0,1.0,1.0,1.0,subgenre-current,novela realista,other,2000,word,tfidf,5
153,3,0.00949859619140625,0.0044248104095458984,0.7142857142857143,0.75,0.75,0.75,1.0,1.0,1.0,1.0,subgenre-current,novela realista,other,2000,word,tfidf,5
154,4,0.009275197982788086,0.0044558048248291016,0.8571428571428571,0.8571428571428571,1.0,0.75,1.0,1.0,1.0,1.0,subgenre-current,novela realista,other,2000,word,tfidf,5
155,5,0.009229183197021484,0.004493236541748047,1.0,1.0,1.0,1.0,1.0,1.0,1.0,1.0,subgenre-current,novela realista,other,2000,word,tfidf,5
156,6,0.009386539459228516,0.00450897216796875,1.0,1.0,1.0,1.0,1.0,1.0,1.0,1.0,subgenre-current,novela realista,other,2000,word,tfidf,5
157,7,0.009327411651611328,0.0045166015625,0.7142857142857143,0.7499999999999999,0.6,1.0,1.0,1.0,1.0,1.0,subgenre-current,novela realista,other,2000,word,tfidf,5
158,8,0.009553670883178711,0.004430294036865234,0.7142857142857143,0.6666666666666666,0.6666666666666666,0.6666666666666666,1.0,1.0,1.0,1.0,subgenre-current,novela realista,other,2000,word,tfidf,5
159,9,0.009363174438476562,0.004637479782104492,0.8571428571428571,0.8571428571428571,0.75,1.0,1.0,1.0,1.0,1.0,subgenre-current,novela realista,other,2000,word,tfidf,5
160,0,0.00938105583190918,0.004486799240112305,0.7142857142857143,0.8,0.6666666666666666,1.0,1.0,1.0,1.0,1.0,subgenre-current,novela realista,other,2000,word,tfidf,6
161,1,0.00927734375,0.004735708236694336,0.8571428571428571,0.888888888888889,0.8,1.0,1.0,1.0,1.0,1.0,subgenre-current,novela realista,other,2000,word,tfidf,6
162,2,0.00929570198059082,0.004515409469604492,0.8571428571428571,0.888888888888889,0.8,1.0,1.0,1.0,1.0,1.0,subgenre-current,novela realista,other,2000,word,tfidf,6
163,3,0.00935673713684082,0.004523515701293945,0.8571428571428571,0.8571428571428571,1.0,0.75,1.0,1.0,1.0,1.0,subgenre-current,novela realista,other,2000,word,tfidf,6
164,4,0.009212493896484375,0.004585742950439453,0.8571428571428571,0.8571428571428571,1.0,0.75,1.0,1.0,1.0,1.0,subgenre-current,novela realista,other,2000,word,tfidf,6
165,5,0.00922703742980957,0.004816770553588867,0.8571428571428571,0.8571428571428571,0.75,1.0,1.0,1.0,1.0,1.0,subgenre-current,novela realista,other,2000,word,tfidf,6
166,6,0.009597539901733398,0.004494667053222656,1.0,1.0,1.0,1.0,1.0,1.0,1.0,1.0,subgenre-current,novela realista,other,2000,word,tfidf,6
167,7,0.009190797805786133,0.00440216064453125,0.8571428571428571,0.8571428571428571,0.75,1.0,1.0,1.0,1.0,1.0,subgenre-current,novela realista,other,2000,word,tfidf,6
168,8,0.009268760681152344,0.004462242126464844,0.7142857142857143,0.5,1.0,0.3333333333333333,1.0,1.0,1.0,1.0,subgenre-current,novela realista,other,2000,word,tfidf,6
169,9,0.00921940803527832,0.004666328430175781,1.0,1.0,1.0,1.0,1.0,1.0,1.0,1.0,subgenre-current,novela realista,other,2000,word,tfidf,6
170,0,0.009221076965332031,0.004613399505615234,1.0,1.0,1.0,1.0,1.0,1.0,1.0,1.0,subgenre-current,novela realista,other,2000,word,tfidf,7
171,1,0.008902549743652344,0.00441288948059082,0.8571428571428571,0.888888888888889,0.8,1.0,1.0,1.0,1.0,1.0,subgenre-current,novela realista,other,2000,word,tfidf,7
172,2,0.009240865707397461,0.004572153091430664,1.0,1.0,1.0,1.0,1.0,1.0,1.0,1.0,subgenre-current,novela realista,other,2000,word,tfidf,7
173,3,0.009167909622192383,0.004447221755981445,1.0,1.0,1.0,1.0,1.0,1.0,1.0,1.0,subgenre-current,novela realista,other,2000,word,tfidf,7
174,4,0.009296655654907227,0.0044972896575927734,0.7142857142857143,0.75,0.75,0.75,1.0,1.0,1.0,1.0,subgenre-current,novela realista,other,2000,word,tfidf,7
175,5,0.009180068969726562,0.004729270935058594,1.0,1.0,1.0,1.0,1.0,1.0,1.0,1.0,subgenre-current,novela realista,other,2000,word,tfidf,7
176,6,0.009187459945678711,0.0047490596771240234,0.5714285714285714,0.6666666666666666,0.5,1.0,1.0,1.0,1.0,1.0,subgenre-current,novela realista,other,2000,word,tfidf,7
177,7,0.009668827056884766,0.005739688873291016,1.0,1.0,1.0,1.0,1.0,1.0,1.0,1.0,subgenre-current,novela realista,other,2000,word,tfidf,7
178,8,0.009488821029663086,0.004621744155883789,0.5714285714285714,0.5714285714285715,0.5,0.6666666666666666,1.0,1.0,1.0,1.0,subgenre-current,novela realista,other,2000,word,tfidf,7
179,9,0.009384632110595703,0.004577159881591797,1.0,1.0,1.0,1.0,1.0,1.0,1.0,1.0,subgenre-current,novela realista,other,2000,word,tfidf,7
180,0,0.009311914443969727,0.004594564437866211,1.0,1.0,1.0,1.0,1.0,1.0,1.0,1.0,subgenre-current,novela realista,other,2000,word,tfidf,8
181,1,0.009483098983764648,0.004542112350463867,0.7142857142857143,0.75,0.75,0.75,1.0,1.0,1.0,1.0,subgenre-current,novela realista,other,2000,word,tfidf,8
182,2,0.009231090545654297,0.004563570022583008,0.8571428571428571,0.888888888888889,0.8,1.0,1.0,1.0,1.0,1.0,subgenre-current,novela realista,other,2000,word,tfidf,8
183,3,0.009346723556518555,0.0044689178466796875,1.0,1.0,1.0,1.0,1.0,1.0,1.0,1.0,subgenre-current,novela realista,other,2000,word,tfidf,8
184,4,0.009227275848388672,0.004577159881591797,0.7142857142857143,0.75,0.75,0.75,1.0,1.0,1.0,1.0,subgenre-current,novela realista,other,2000,word,tfidf,8
185,5,0.009276866912841797,0.004457950592041016,0.8571428571428571,0.8571428571428571,0.75,1.0,1.0,1.0,1.0,1.0,subgenre-current,novela realista,other,2000,word,tfidf,8
186,6,0.009286880493164062,0.004560232162475586,1.0,1.0,1.0,1.0,1.0,1.0,1.0,1.0,subgenre-current,novela realista,other,2000,word,tfidf,8
187,7,0.009325742721557617,0.004533290863037109,0.8571428571428571,0.8,1.0,0.6666666666666666,1.0,1.0,1.0,1.0,subgenre-current,novela realista,other,2000,word,tfidf,8
188,8,0.00931859016418457,0.00444483757019043,0.5714285714285714,0.4,0.5,0.3333333333333333,1.0,1.0,1.0,1.0,subgenre-current,novela realista,other,2000,word,tfidf,8
189,9,0.00942850112915039,0.0045087337493896484,1.0,1.0,1.0,1.0,1.0,1.0,1.0,1.0,subgenre-current,novela realista,other,2000,word,tfidf,8
190,0,0.009351968765258789,0.004471540451049805,0.7142857142857143,0.75,0.75,0.75,1.0,1.0,1.0,1.0,subgenre-current,novela realista,other,2000,word,tfidf,9
191,1,0.009306669235229492,0.0046024322509765625,0.5714285714285714,0.6666666666666665,0.6,0.75,1.0,1.0,1.0,1.0,subgenre-current,novela realista,other,2000,word,tfidf,9
192,2,0.009264945983886719,0.00448155403137207,0.7142857142857143,0.8,0.6666666666666666,1.0,1.0,1.0,1.0,1.0,subgenre-current,novela realista,other,2000,word,tfidf,9
193,3,0.00930333137512207,0.004694223403930664,1.0,1.0,1.0,1.0,1.0,1.0,1.0,1.0,subgenre-current,novela realista,other,2000,word,tfidf,9
194,4,0.009254932403564453,0.004464387893676758,0.7142857142857143,0.75,0.75,0.75,1.0,1.0,1.0,1.0,subgenre-current,novela realista,other,2000,word,tfidf,9
195,5,0.0093231201171875,0.0045969486236572266,0.8571428571428571,0.8571428571428571,0.75,1.0,1.0,1.0,1.0,1.0,subgenre-current,novela realista,other,2000,word,tfidf,9
196,6,0.009648799896240234,0.004541158676147461,0.8571428571428571,0.8571428571428571,0.75,1.0,1.0,1.0,1.0,1.0,subgenre-current,novela realista,other,2000,word,tfidf,9
197,7,0.008989810943603516,0.004586935043334961,0.7142857142857143,0.7499999999999999,0.6,1.0,1.0,1.0,1.0,1.0,subgenre-current,novela realista,other,2000,word,tfidf,9
198,8,0.0093536376953125,0.004464864730834961,0.8571428571428571,0.8,1.0,0.6666666666666666,1.0,1.0,1.0,1.0,subgenre-current,novela realista,other,2000,word,tfidf,9
199,9,0.009578943252563477,0.004468441009521484,1.0,1.0,1.0,1.0,1.0,1.0,1.0,1.0,subgenre-current,novela realista,other,2000,word,tfidf,9
200,0,0.014412403106689453,0.00512242317199707,0.8888888888888888,0.8571428571428571,1.0,0.75,1.0,1.0,1.0,1.0,subgenre-current,novela naturalista,other,2000,word,tfidf,0
201,1,0.014668464660644531,0.005106687545776367,0.6666666666666666,0.6666666666666665,0.6,0.75,1.0,1.0,1.0,1.0,subgenre-current,novela naturalista,other,2000,word,tfidf,0
202,2,0.016861677169799805,0.008193016052246094,0.8888888888888888,0.888888888888889,0.8,1.0,1.0,1.0,1.0,1.0,subgenre-current,novela naturalista,other,2000,word,tfidf,0
203,3,0.016095399856567383,0.005066871643066406,0.8888888888888888,0.888888888888889,0.8,1.0,1.0,1.0,1.0,1.0,subgenre-current,novela naturalista,other,2000,word,tfidf,0
204,4,0.014703989028930664,0.004933357238769531,0.6666666666666666,0.6666666666666665,0.6,0.75,1.0,1.0,1.0,1.0,subgenre-current,novela naturalista,other,2000,word,tfidf,0
205,5,0.014981508255004883,0.00580596923828125,0.6666666666666666,0.6666666666666665,0.75,0.6,1.0,1.0,1.0,1.0,subgenre-current,novela naturalista,other,2000,word,tfidf,0
206,6,0.016987085342407227,0.006959438323974609,1.0,1.0,1.0,1.0,1.0,1.0,1.0,1.0,subgenre-current,novela naturalista,other,2000,word,tfidf,0
207,7,0.015780925750732422,0.007966279983520508,0.8888888888888888,0.888888888888889,1.0,0.8,1.0,1.0,1.0,1.0,subgenre-current,novela naturalista,other,2000,word,tfidf,0
208,8,0.016695022583007812,0.0052945613861083984,0.8888888888888888,0.888888888888889,1.0,0.8,1.0,1.0,1.0,1.0,subgenre-current,novela naturalista,other,2000,word,tfidf,0
209,9,0.014937877655029297,0.0049250125885009766,0.8888888888888888,0.9090909090909091,0.8333333333333334,1.0,1.0,1.0,1.0,1.0,subgenre-current,novela naturalista,other,2000,word,tfidf,0
210,0,0.013890266418457031,0.004801273345947266,0.6666666666666666,0.6666666666666665,0.6,0.75,1.0,1.0,1.0,1.0,subgenre-current,novela naturalista,other,2000,word,tfidf,1
211,1,0.014280319213867188,0.004834175109863281,0.8888888888888888,0.8571428571428571,1.0,0.75,1.0,1.0,1.0,1.0,subgenre-current,novela naturalista,other,2000,word,tfidf,1
212,2,0.01383352279663086,0.0048182010650634766,0.8888888888888888,0.888888888888889,0.8,1.0,1.0,1.0,1.0,1.0,subgenre-current,novela naturalista,other,2000,word,tfidf,1
213,3,0.01439213752746582,0.004912853240966797,0.8888888888888888,0.888888888888889,0.8,1.0,1.0,1.0,1.0,1.0,subgenre-current,novela naturalista,other,2000,word,tfidf,1
214,4,0.014132499694824219,0.004912376403808594,0.8888888888888888,0.888888888888889,0.8,1.0,1.0,1.0,1.0,1.0,subgenre-current,novela naturalista,other,2000,word,tfidf,1
215,5,0.014403581619262695,0.004952430725097656,0.8888888888888888,0.888888888888889,1.0,0.8,1.0,1.0,1.0,1.0,subgenre-current,novela naturalista,other,2000,word,tfidf,1
216,6,0.014232158660888672,0.0048253536224365234,1.0,1.0,1.0,1.0,1.0,1.0,1.0,1.0,subgenre-current,novela naturalista,other,2000,word,tfidf,1
217,7,0.014300346374511719,0.004876852035522461,1.0,1.0,1.0,1.0,1.0,1.0,1.0,1.0,subgenre-current,novela naturalista,other,2000,word,tfidf,1
218,8,0.014699220657348633,0.004911661148071289,0.6666666666666666,0.7272727272727272,0.6666666666666666,0.8,1.0,1.0,1.0,1.0,subgenre-current,novela naturalista,other,2000,word,tfidf,1
219,9,0.014338493347167969,0.004869699478149414,0.8888888888888888,0.888888888888889,1.0,0.8,1.0,1.0,1.0,1.0,subgenre-current,novela naturalista,other,2000,word,tfidf,1
220,0,0.014576435089111328,0.005025386810302734,0.7777777777777778,0.75,0.75,0.75,1.0,1.0,1.0,1.0,subgenre-current,novela naturalista,other,2000,word,tfidf,2
221,1,0.01453089714050293,0.005010128021240234,0.7777777777777778,0.6666666666666666,1.0,0.5,1.0,1.0,1.0,1.0,subgenre-current,novela naturalista,other,2000,word,tfidf,2
222,2,0.014559507369995117,0.0051958560943603516,1.0,1.0,1.0,1.0,1.0,1.0,1.0,1.0,subgenre-current,novela naturalista,other,2000,word,tfidf,2
223,3,0.014337539672851562,0.005162715911865234,0.7777777777777778,0.8,0.6666666666666666,1.0,1.0,1.0,1.0,1.0,subgenre-current,novela naturalista,other,2000,word,tfidf,2
224,4,0.014732837677001953,0.005174160003662109,0.7777777777777778,0.6666666666666666,1.0,0.5,1.0,1.0,1.0,1.0,subgenre-current,novela naturalista,other,2000,word,tfidf,2
225,5,0.014631986618041992,0.004966020584106445,0.8888888888888888,0.888888888888889,1.0,0.8,1.0,1.0,1.0,1.0,subgenre-current,novela naturalista,other,2000,word,tfidf,2
226,6,0.01447749137878418,0.004997968673706055,1.0,1.0,1.0,1.0,1.0,1.0,1.0,1.0,subgenre-current,novela naturalista,other,2000,word,tfidf,2
227,7,0.014513015747070312,0.005051612854003906,0.8888888888888888,0.9090909090909091,0.8333333333333334,1.0,1.0,1.0,1.0,1.0,subgenre-current,novela naturalista,other,2000,word,tfidf,2
228,8,0.014598369598388672,0.0050313472747802734,0.5555555555555556,0.6,0.6,0.6,1.0,1.0,1.0,1.0,subgenre-current,novela naturalista,other,2000,word,tfidf,2
229,9,0.014906644821166992,0.0050427913665771484,1.0,1.0,1.0,1.0,1.0,1.0,1.0,1.0,subgenre-current,novela naturalista,other,2000,word,tfidf,2
230,0,0.014499187469482422,0.005007505416870117,0.7777777777777778,0.75,0.75,0.75,1.0,1.0,1.0,1.0,subgenre-current,novela naturalista,other,2000,word,tfidf,3
231,1,0.014590978622436523,0.005034685134887695,0.7777777777777778,0.75,0.75,0.75,1.0,1.0,1.0,1.0,subgenre-current,novela naturalista,other,2000,word,tfidf,3
232,2,0.014384984970092773,0.0052874088287353516,0.8888888888888888,0.888888888888889,0.8,1.0,1.0,1.0,1.0,1.0,subgenre-current,novela naturalista,other,2000,word,tfidf,3
233,3,0.014559030532836914,0.004941463470458984,0.8888888888888888,0.888888888888889,0.8,1.0,1.0,1.0,1.0,1.0,subgenre-current,novela naturalista,other,2000,word,tfidf,3
234,4,0.014697074890136719,0.005018949508666992,0.7777777777777778,0.75,0.75,0.75,1.0,1.0,1.0,1.0,subgenre-current,novela naturalista,other,2000,word,tfidf,3
235,5,0.014600515365600586,0.00491642951965332,0.8888888888888888,0.888888888888889,1.0,0.8,1.0,1.0,1.0,1.0,subgenre-current,novela naturalista,other,2000,word,tfidf,3
236,6,0.014680147171020508,0.0051920413970947266,0.7777777777777778,0.8333333333333333,0.7142857142857143,1.0,1.0,1.0,1.0,1.0,subgenre-current,novela naturalista,other,2000,word,tfidf,3
237,7,0.014645814895629883,0.00564265251159668,0.7777777777777778,0.8000000000000002,0.8,0.8,1.0,1.0,1.0,1.0,subgenre-current,novela naturalista,other,2000,word,tfidf,3
238,8,0.01457357406616211,0.004973649978637695,0.7777777777777778,0.7499999999999999,1.0,0.6,1.0,1.0,1.0,1.0,subgenre-current,novela naturalista,other,2000,word,tfidf,3
239,9,0.014481544494628906,0.004974842071533203,1.0,1.0,1.0,1.0,1.0,1.0,1.0,1.0,subgenre-current,novela naturalista,other,2000,word,tfidf,3
240,0,0.014566183090209961,0.004986763000488281,0.7777777777777778,0.75,0.75,0.75,1.0,1.0,1.0,1.0,subgenre-current,novela naturalista,other,2000,word,tfidf,4
241,1,0.01421666145324707,0.004929065704345703,0.7777777777777778,0.75,0.75,0.75,1.0,1.0,1.0,1.0,subgenre-current,novela naturalista,other,2000,word,tfidf,4
242,2,0.014503240585327148,0.004909038543701172,0.7777777777777778,0.8,0.6666666666666666,1.0,1.0,1.0,1.0,1.0,subgenre-current,novela naturalista,other,2000,word,tfidf,4
243,3,0.014423847198486328,0.004930257797241211,0.8888888888888888,0.888888888888889,0.8,1.0,1.0,1.0,1.0,1.0,subgenre-current,novela naturalista,other,2000,word,tfidf,4
244,4,0.014424562454223633,0.00508427619934082,0.6666666666666666,0.5714285714285715,0.6666666666666666,0.5,1.0,1.0,1.0,1.0,subgenre-current,novela naturalista,other,2000,word,tfidf,4
245,5,0.014522790908813477,0.0051081180572509766,0.8888888888888888,0.888888888888889,1.0,0.8,1.0,1.0,1.0,1.0,subgenre-current,novela naturalista,other,2000,word,tfidf,4
246,6,0.014462471008300781,0.005072832107543945,0.8888888888888888,0.9090909090909091,0.8333333333333334,1.0,1.0,1.0,1.0,1.0,subgenre-current,novela naturalista,other,2000,word,tfidf,4
247,7,0.014594316482543945,0.005051136016845703,0.8888888888888888,0.9090909090909091,0.8333333333333334,1.0,1.0,1.0,1.0,1.0,subgenre-current,novela naturalista,other,2000,word,tfidf,4
248,8,0.014422416687011719,0.0050394535064697266,0.7777777777777778,0.7499999999999999,1.0,0.6,1.0,1.0,1.0,1.0,subgenre-current,novela naturalista,other,2000,word,tfidf,4
249,9,0.014293670654296875,0.0048749446868896484,0.8888888888888888,0.9090909090909091,0.8333333333333334,1.0,1.0,1.0,1.0,1.0,subgenre-current,novela naturalista,other,2000,word,tfidf,4
250,0,0.013818979263305664,0.004877328872680664,1.0,1.0,1.0,1.0,1.0,1.0,1.0,1.0,subgenre-current,novela naturalista,other,2000,word,tfidf,5
251,1,0.014137983322143555,0.004835844039916992,0.7777777777777778,0.75,0.75,0.75,1.0,1.0,1.0,1.0,subgenre-current,novela naturalista,other,2000,word,tfidf,5
252,2,0.014388561248779297,0.004927635192871094,0.7777777777777778,0.75,0.75,0.75,1.0,1.0,1.0,1.0,subgenre-current,novela naturalista,other,2000,word,tfidf,5
253,3,0.01385354995727539,0.004812717437744141,0.7777777777777778,0.8,0.6666666666666666,1.0,1.0,1.0,1.0,1.0,subgenre-current,novela naturalista,other,2000,word,tfidf,5
254,4,0.014299869537353516,0.004962444305419922,0.8888888888888888,0.888888888888889,0.8,1.0,1.0,1.0,1.0,1.0,subgenre-current,novela naturalista,other,2000,word,tfidf,5
255,5,0.014033079147338867,0.004806995391845703,0.8888888888888888,0.888888888888889,1.0,0.8,1.0,1.0,1.0,1.0,subgenre-current,novela naturalista,other,2000,word,tfidf,5
256,6,0.013873100280761719,0.004862785339355469,1.0,1.0,1.0,1.0,1.0,1.0,1.0,1.0,subgenre-current,novela naturalista,other,2000,word,tfidf,5
257,7,0.014142751693725586,0.005108833312988281,0.7777777777777778,0.8333333333333333,0.7142857142857143,1.0,1.0,1.0,1.0,1.0,subgenre-current,novela naturalista,other,2000,word,tfidf,5
258,8,0.014282703399658203,0.0048999786376953125,0.7777777777777778,0.7499999999999999,1.0,0.6,1.0,1.0,1.0,1.0,subgenre-current,novela naturalista,other,2000,word,tfidf,5
259,9,0.013923883438110352,0.004799365997314453,1.0,1.0,1.0,1.0,1.0,1.0,1.0,1.0,subgenre-current,novela naturalista,other,2000,word,tfidf,5
260,0,0.014569282531738281,0.005090951919555664,0.7777777777777778,0.8000000000000002,0.8,0.8,1.0,1.0,1.0,1.0,subgenre-current,novela naturalista,other,2000,word,tfidf,6
261,1,0.014381647109985352,0.0049288272857666016,0.7777777777777778,0.8000000000000002,0.8,0.8,1.0,1.0,1.0,1.0,subgenre-current,novela naturalista,other,2000,word,tfidf,6
262,2,0.01449441909790039,0.005117893218994141,1.0,1.0,1.0,1.0,1.0,1.0,1.0,1.0,subgenre-current,novela naturalista,other,2000,word,tfidf,6
263,3,0.014329910278320312,0.004970073699951172,0.7777777777777778,0.8333333333333333,0.7142857142857143,1.0,1.0,1.0,1.0,1.0,subgenre-current,novela naturalista,other,2000,word,tfidf,6
264,4,0.014590978622436523,0.004957914352416992,0.8888888888888888,0.888888888888889,1.0,0.8,1.0,1.0,1.0,1.0,subgenre-current,novela naturalista,other,2000,word,tfidf,6
265,5,0.014664888381958008,0.0050351619720458984,0.8888888888888888,0.888888888888889,0.8,1.0,1.0,1.0,1.0,1.0,subgenre-current,novela naturalista,other,2000,word,tfidf,6
266,6,0.014630556106567383,0.005143642425537109,1.0,1.0,1.0,1.0,1.0,1.0,1.0,1.0,subgenre-current,novela naturalista,other,2000,word,tfidf,6
267,7,0.014467477798461914,0.004962921142578125,0.8888888888888888,0.888888888888889,0.8,1.0,1.0,1.0,1.0,1.0,subgenre-current,novela naturalista,other,2000,word,tfidf,6
268,8,0.014597177505493164,0.005112171173095703,0.5555555555555556,0.5,0.5,0.5,1.0,1.0,1.0,1.0,subgenre-current,novela naturalista,other,2000,word,tfidf,6
269,9,0.014573097229003906,0.004915475845336914,1.0,1.0,1.0,1.0,1.0,1.0,1.0,1.0,subgenre-current,novela naturalista,other,2000,word,tfidf,6
270,0,0.014716148376464844,0.005217313766479492,0.8888888888888888,0.8571428571428571,1.0,0.75,1.0,1.0,1.0,1.0,subgenre-current,novela naturalista,other,2000,word,tfidf,7
271,1,0.014507770538330078,0.005251169204711914,0.6666666666666666,0.5714285714285715,0.6666666666666666,0.5,1.0,1.0,1.0,1.0,subgenre-current,novela naturalista,other,2000,word,tfidf,7
272,2,0.014555931091308594,0.004995822906494141,0.7777777777777778,0.8,0.6666666666666666,1.0,1.0,1.0,1.0,1.0,subgenre-current,novela naturalista,other,2000,word,tfidf,7
273,3,0.014716625213623047,0.005074977874755859,0.8888888888888888,0.888888888888889,0.8,1.0,1.0,1.0,1.0,1.0,subgenre-current,novela naturalista,other,2000,word,tfidf,7
274,4,0.01474308967590332,0.005045175552368164,0.7777777777777778,0.6666666666666666,1.0,0.5,1.0,1.0,1.0,1.0,subgenre-current,novela naturalista,other,2000,word,tfidf,7
275,5,0.014722108840942383,0.005052328109741211,0.8888888888888888,0.888888888888889,1.0,0.8,1.0,1.0,1.0,1.0,subgenre-current,novela naturalista,other,2000,word,tfidf,7
276,6,0.014654397964477539,0.005088090896606445,0.8888888888888888,0.9090909090909091,0.8333333333333334,1.0,1.0,1.0,1.0,1.0,subgenre-current,novela naturalista,other,2000,word,tfidf,7
277,7,0.014673709869384766,0.005016326904296875,0.8888888888888888,0.888888888888889,1.0,0.8,1.0,1.0,1.0,1.0,subgenre-current,novela naturalista,other,2000,word,tfidf,7
278,8,0.014653682708740234,0.005063056945800781,0.8888888888888888,0.888888888888889,1.0,0.8,1.0,1.0,1.0,1.0,subgenre-current,novela naturalista,other,2000,word,tfidf,7
279,9,0.014961004257202148,0.005013704299926758,1.0,1.0,1.0,1.0,1.0,1.0,1.0,1.0,subgenre-current,novela naturalista,other,2000,word,tfidf,7
280,0,0.01457834243774414,0.005020856857299805,0.6666666666666666,0.6666666666666665,0.6,0.75,1.0,1.0,1.0,1.0,subgenre-current,novela naturalista,other,2000,word,tfidf,8
281,1,0.014723777770996094,0.005101203918457031,0.7777777777777778,0.6666666666666666,1.0,0.5,1.0,1.0,1.0,1.0,subgenre-current,novela naturalista,other,2000,word,tfidf,8
282,2,0.01472926139831543,0.005028247833251953,0.8888888888888888,0.888888888888889,0.8,1.0,1.0,1.0,1.0,1.0,subgenre-current,novela naturalista,other,2000,word,tfidf,8
283,3,0.01455998420715332,0.004963874816894531,0.8888888888888888,0.888888888888889,0.8,1.0,1.0,1.0,1.0,1.0,subgenre-current,novela naturalista,other,2000,word,tfidf,8
284,4,0.014559268951416016,0.005112648010253906,0.7777777777777778,0.6666666666666666,1.0,0.5,1.0,1.0,1.0,1.0,subgenre-current,novela naturalista,other,2000,word,tfidf,8
285,5,0.013909578323364258,0.00503849983215332,0.7777777777777778,0.8000000000000002,0.8,0.8,1.0,1.0,1.0,1.0,subgenre-current,novela naturalista,other,2000,word,tfidf,8
286,6,0.01456904411315918,0.0049593448638916016,1.0,1.0,1.0,1.0,1.0,1.0,1.0,1.0,subgenre-current,novela naturalista,other,2000,word,tfidf,8
287,7,0.013798713684082031,0.004920005798339844,0.6666666666666666,0.7692307692307693,0.625,1.0,1.0,1.0,1.0,1.0,subgenre-current,novela naturalista,other,2000,word,tfidf,8
288,8,0.01460719108581543,0.005003213882446289,0.6666666666666666,0.6666666666666665,0.75,0.6,1.0,1.0,1.0,1.0,subgenre-current,novela naturalista,other,2000,word,tfidf,8
289,9,0.014515399932861328,0.004974842071533203,0.7777777777777778,0.8000000000000002,0.8,0.8,1.0,1.0,1.0,1.0,subgenre-current,novela naturalista,other,2000,word,tfidf,8
290,0,0.014802694320678711,0.005227565765380859,0.6666666666666666,0.6666666666666665,0.6,0.75,1.0,1.0,1.0,1.0,subgenre-current,novela naturalista,other,2000,word,tfidf,9
291,1,0.014733314514160156,0.005079984664916992,0.7777777777777778,0.75,0.75,0.75,1.0,1.0,1.0,1.0,subgenre-current,novela naturalista,other,2000,word,tfidf,9
292,2,0.014580488204956055,0.005174160003662109,1.0,1.0,1.0,1.0,1.0,1.0,1.0,1.0,subgenre-current,novela naturalista,other,2000,word,tfidf,9
293,3,0.014727354049682617,0.005096912384033203,0.6666666666666666,0.7272727272727273,0.5714285714285714,1.0,1.0,1.0,1.0,1.0,subgenre-current,novela naturalista,other,2000,word,tfidf,9
294,4,0.01475381851196289,0.005189180374145508,0.6666666666666666,0.5714285714285715,0.6666666666666666,0.5,1.0,1.0,1.0,1.0,subgenre-current,novela naturalista,other,2000,word,tfidf,9
295,5,0.014378547668457031,0.005076408386230469,0.8888888888888888,0.888888888888889,1.0,0.8,1.0,1.0,1.0,1.0,subgenre-current,novela naturalista,other,2000,word,tfidf,9
296,6,0.014784097671508789,0.0051422119140625,0.7777777777777778,0.8333333333333333,0.7142857142857143,1.0,1.0,1.0,1.0,1.0,subgenre-current,novela naturalista,other,2000,word,tfidf,9
297,7,0.014847517013549805,0.005070209503173828,0.6666666666666666,0.7272727272727272,0.6666666666666666,0.8,1.0,1.0,1.0,1.0,subgenre-current,novela naturalista,other,2000,word,tfidf,9
298,8,0.014827966690063477,0.005258321762084961,0.6666666666666666,0.6666666666666665,0.75,0.6,1.0,1.0,1.0,1.0,subgenre-current,novela naturalista,other,2000,word,tfidf,9
299,9,0.014424324035644531,0.005183696746826172,1.0,1.0,1.0,1.0,1.0,1.0,1.0,1.0,subgenre-current,novela naturalista,other,2000,word,tfidf,9
300,0,0.009214162826538086,0.0044405460357666016,0.8571428571428571,0.8571428571428571,1.0,0.75,1.0,1.0,1.0,1.0,subgenre-current,novela romántica,novela realista,2000,word,tfidf,0
301,1,0.009145021438598633,0.004483699798583984,1.0,1.0,1.0,1.0,1.0,1.0,1.0,1.0,subgenre-current,novela romántica,novela realista,2000,word,tfidf,0
302,2,0.009733438491821289,0.004491567611694336,0.8571428571428571,0.8571428571428571,1.0,0.75,1.0,1.0,1.0,1.0,subgenre-current,novela romántica,novela realista,2000,word,tfidf,0
303,3,0.009100198745727539,0.004645586013793945,1.0,1.0,1.0,1.0,1.0,1.0,1.0,1.0,subgenre-current,novela romántica,novela realista,2000,word,tfidf,0
304,4,0.009350299835205078,0.004434823989868164,0.8571428571428571,0.8571428571428571,1.0,0.75,1.0,1.0,1.0,1.0,subgenre-current,novela romántica,novela realista,2000,word,tfidf,0
305,5,0.00898599624633789,0.004698514938354492,1.0,1.0,1.0,1.0,1.0,1.0,1.0,1.0,subgenre-current,novela romántica,novela realista,2000,word,tfidf,0
306,6,0.009045124053955078,0.0045201778411865234,0.5714285714285714,0.4,0.5,0.3333333333333333,1.0,1.0,1.0,1.0,subgenre-current,novela romántica,novela realista,2000,word,tfidf,0
307,7,0.009342670440673828,0.004576206207275391,0.8571428571428571,0.8,1.0,0.6666666666666666,1.0,1.0,1.0,1.0,subgenre-current,novela romántica,novela realista,2000,word,tfidf,0
308,8,0.009263992309570312,0.004445791244506836,0.7142857142857143,0.7499999999999999,0.6,1.0,1.0,1.0,1.0,1.0,subgenre-current,novela romántica,novela realista,2000,word,tfidf,0
309,9,0.009170293807983398,0.0045125484466552734,1.0,1.0,1.0,1.0,1.0,1.0,1.0,1.0,subgenre-current,novela romántica,novela realista,2000,word,tfidf,0
310,0,0.008994340896606445,0.004395484924316406,1.0,1.0,1.0,1.0,1.0,1.0,1.0,1.0,subgenre-current,novela romántica,novela realista,2000,word,tfidf,1
311,1,0.009153127670288086,0.004712820053100586,0.8571428571428571,0.8,1.0,0.6666666666666666,1.0,1.0,1.0,1.0,subgenre-current,novela romántica,novela realista,2000,word,tfidf,1
312,2,0.009264469146728516,0.004446506500244141,0.8571428571428571,0.8,1.0,0.6666666666666666,1.0,1.0,1.0,1.0,subgenre-current,novela romántica,novela realista,2000,word,tfidf,1
313,3,0.009131193161010742,0.0043985843658447266,0.8571428571428571,0.8571428571428571,0.75,1.0,1.0,1.0,1.0,1.0,subgenre-current,novela romántica,novela realista,2000,word,tfidf,1
314,4,0.009170055389404297,0.004471778869628906,0.8571428571428571,0.8571428571428571,0.75,1.0,1.0,1.0,1.0,1.0,subgenre-current,novela romántica,novela realista,2000,word,tfidf,1
315,5,0.00885462760925293,0.0043451786041259766,0.8571428571428571,0.8571428571428571,1.0,0.75,1.0,1.0,1.0,1.0,subgenre-current,novela romántica,novela realista,2000,word,tfidf,1
316,6,0.009009122848510742,0.004555225372314453,0.8571428571428571,0.8571428571428571,1.0,0.75,1.0,1.0,1.0,1.0,subgenre-current,novela romántica,novela realista,2000,word,tfidf,1
317,7,0.009093284606933594,0.004378318786621094,0.8571428571428571,0.8571428571428571,1.0,0.75,1.0,1.0,1.0,1.0,subgenre-current,novela romántica,novela realista,2000,word,tfidf,1
318,8,0.00947117805480957,0.004706382751464844,0.8571428571428571,0.888888888888889,0.8,1.0,1.0,1.0,1.0,1.0,subgenre-current,novela romántica,novela realista,2000,word,tfidf,1
319,9,0.009170770645141602,0.004412412643432617,1.0,1.0,1.0,1.0,1.0,1.0,1.0,1.0,subgenre-current,novela romántica,novela realista,2000,word,tfidf,1
320,0,0.00928950309753418,0.004496097564697266,1.0,1.0,1.0,1.0,1.0,1.0,1.0,1.0,subgenre-current,novela romántica,novela realista,2000,word,tfidf,2
321,1,0.009259700775146484,0.004681587219238281,1.0,1.0,1.0,1.0,1.0,1.0,1.0,1.0,subgenre-current,novela romántica,novela realista,2000,word,tfidf,2
322,2,0.009242773056030273,0.004476308822631836,0.8571428571428571,0.8,1.0,0.6666666666666666,1.0,1.0,1.0,1.0,subgenre-current,novela romántica,novela realista,2000,word,tfidf,2
323,3,0.009215593338012695,0.00470280647277832,1.0,1.0,1.0,1.0,1.0,1.0,1.0,1.0,subgenre-current,novela romántica,novela realista,2000,word,tfidf,2
324,4,0.00933527946472168,0.00446319580078125,0.7142857142857143,0.6666666666666666,0.6666666666666666,0.6666666666666666,1.0,1.0,1.0,1.0,subgenre-current,novela romántica,novela realista,2000,word,tfidf,2
325,5,0.009155988693237305,0.0045773983001708984,1.0,1.0,1.0,1.0,1.0,1.0,1.0,1.0,subgenre-current,novela romántica,novela realista,2000,word,tfidf,2
326,6,0.00918126106262207,0.004511356353759766,0.8571428571428571,0.8571428571428571,1.0,0.75,1.0,1.0,1.0,1.0,subgenre-current,novela romántica,novela realista,2000,word,tfidf,2
327,7,0.009155988693237305,0.0045166015625,0.8571428571428571,0.888888888888889,0.8,1.0,1.0,1.0,1.0,1.0,subgenre-current,novela romántica,novela realista,2000,word,tfidf,2
328,8,0.009054422378540039,0.004483222961425781,0.8571428571428571,0.888888888888889,0.8,1.0,1.0,1.0,1.0,1.0,subgenre-current,novela romántica,novela realista,2000,word,tfidf,2
329,9,0.009271621704101562,0.0045435428619384766,1.0,1.0,1.0,1.0,1.0,1.0,1.0,1.0,subgenre-current,novela romántica,novela realista,2000,word,tfidf,2
330,0,0.009431123733520508,0.004515409469604492,0.8571428571428571,0.8,1.0,0.6666666666666666,1.0,1.0,1.0,1.0,subgenre-current,novela romántica,novela realista,2000,word,tfidf,3
331,1,0.009421110153198242,0.004552364349365234,0.8571428571428571,0.8,1.0,0.6666666666666666,1.0,1.0,1.0,1.0,subgenre-current,novela romántica,novela realista,2000,word,tfidf,3
332,2,0.00923609733581543,0.004538297653198242,0.8571428571428571,0.8,1.0,0.6666666666666666,1.0,1.0,1.0,1.0,subgenre-current,novela romántica,novela realista,2000,word,tfidf,3
333,3,0.009179115295410156,0.004534482955932617,0.8571428571428571,0.8571428571428571,0.75,1.0,1.0,1.0,1.0,1.0,subgenre-current,novela romántica,novela realista,2000,word,tfidf,3
334,4,0.009253263473510742,0.004515886306762695,0.7142857142857143,0.6666666666666666,0.6666666666666666,0.6666666666666666,1.0,1.0,1.0,1.0,subgenre-current,novela romántica,novela realista,2000,word,tfidf,3
335,5,0.009226322174072266,0.004613637924194336,1.0,1.0,1.0,1.0,1.0,1.0,1.0,1.0,subgenre-current,novela romántica,novela realista,2000,word,tfidf,3
336,6,0.009592056274414062,0.0044286251068115234,1.0,1.0,1.0,1.0,1.0,1.0,1.0,1.0,subgenre-current,novela romántica,novela realista,2000,word,tfidf,3
337,7,0.009553194046020508,0.00460362434387207,0.8571428571428571,0.8571428571428571,1.0,0.75,1.0,1.0,1.0,1.0,subgenre-current,novela romántica,novela realista,2000,word,tfidf,3
338,8,0.009166479110717773,0.004400491714477539,0.8571428571428571,0.888888888888889,0.8,1.0,1.0,1.0,1.0,1.0,subgenre-current,novela romántica,novela realista,2000,word,tfidf,3
339,9,0.009481191635131836,0.004686832427978516,0.8571428571428571,0.8571428571428571,1.0,0.75,1.0,1.0,1.0,1.0,subgenre-current,novela romántica,novela realista,2000,word,tfidf,3
340,0,0.009335994720458984,0.004554033279418945,0.8571428571428571,0.8571428571428571,1.0,0.75,1.0,1.0,1.0,1.0,subgenre-current,novela romántica,novela realista,2000,word,tfidf,4
341,1,0.009440183639526367,0.004477500915527344,0.8571428571428571,0.888888888888889,0.8,1.0,1.0,1.0,1.0,1.0,subgenre-current,novela romántica,novela realista,2000,word,tfidf,4
342,2,0.00928497314453125,0.004460811614990234,1.0,1.0,1.0,1.0,1.0,1.0,1.0,1.0,subgenre-current,novela romántica,novela realista,2000,word,tfidf,4
343,3,0.009549856185913086,0.004628181457519531,0.8571428571428571,0.8571428571428571,1.0,0.75,1.0,1.0,1.0,1.0,subgenre-current,novela romántica,novela realista,2000,word,tfidf,4
344,4,0.009259939193725586,0.0045282840728759766,1.0,1.0,1.0,1.0,1.0,1.0,1.0,1.0,subgenre-current,novela romántica,novela realista,2000,word,tfidf,4
345,5,0.009281396865844727,0.0045070648193359375,1.0,1.0,1.0,1.0,1.0,1.0,1.0,1.0,subgenre-current,novela romántica,novela realista,2000,word,tfidf,4
346,6,0.009049415588378906,0.004478931427001953,0.8571428571428571,0.8571428571428571,0.75,1.0,1.0,1.0,1.0,1.0,subgenre-current,novela romántica,novela realista,2000,word,tfidf,4
347,7,0.009635210037231445,0.005491971969604492,1.0,1.0,1.0,1.0,1.0,1.0,1.0,1.0,subgenre-current,novela romántica,novela realista,2000,word,tfidf,4
348,8,0.010585546493530273,0.0046803951263427734,0.7142857142857143,0.7499999999999999,0.6,1.0,1.0,1.0,1.0,1.0,subgenre-current,novela romántica,novela realista,2000,word,tfidf,4
349,9,0.009810209274291992,0.004538536071777344,1.0,1.0,1.0,1.0,1.0,1.0,1.0,1.0,subgenre-current,novela romántica,novela realista,2000,word,tfidf,4
350,0,0.008918285369873047,0.004639387130737305,0.8571428571428571,0.8,1.0,0.6666666666666666,1.0,1.0,1.0,1.0,subgenre-current,novela romántica,novela realista,2000,word,tfidf,5
351,1,0.009116888046264648,0.00446772575378418,1.0,1.0,1.0,1.0,1.0,1.0,1.0,1.0,subgenre-current,novela romántica,novela realista,2000,word,tfidf,5
352,2,0.009006023406982422,0.004654645919799805,1.0,1.0,1.0,1.0,1.0,1.0,1.0,1.0,subgenre-current,novela romántica,novela realista,2000,word,tfidf,5
353,3,0.009066104888916016,0.004365682601928711,1.0,1.0,1.0,1.0,1.0,1.0,1.0,1.0,subgenre-current,novela romántica,novela realista,2000,word,tfidf,5
354,4,0.008922576904296875,0.004411220550537109,0.8571428571428571,0.8571428571428571,0.75,1.0,1.0,1.0,1.0,1.0,subgenre-current,novela romántica,novela realista,2000,word,tfidf,5
355,5,0.008889913558959961,0.0044116973876953125,0.8571428571428571,0.8571428571428571,1.0,0.75,1.0,1.0,1.0,1.0,subgenre-current,novela romántica,novela realista,2000,word,tfidf,5
356,6,0.008910417556762695,0.004368305206298828,0.7142857142857143,0.6666666666666666,1.0,0.5,1.0,1.0,1.0,1.0,subgenre-current,novela romántica,novela realista,2000,word,tfidf,5
357,7,0.00898885726928711,0.004380702972412109,0.8571428571428571,0.8571428571428571,1.0,0.75,1.0,1.0,1.0,1.0,subgenre-current,novela romántica,novela realista,2000,word,tfidf,5
358,8,0.008812665939331055,0.004415035247802734,0.8571428571428571,0.888888888888889,0.8,1.0,1.0,1.0,1.0,1.0,subgenre-current,novela romántica,novela realista,2000,word,tfidf,5
359,9,0.008759021759033203,0.004434347152709961,0.8571428571428571,0.8571428571428571,1.0,0.75,1.0,1.0,1.0,1.0,subgenre-current,novela romántica,novela realista,2000,word,tfidf,5
360,0,0.009192943572998047,0.00444793701171875,0.8571428571428571,0.8,1.0,0.6666666666666666,1.0,1.0,1.0,1.0,subgenre-current,novela romántica,novela realista,2000,word,tfidf,6
361,1,0.00946497917175293,0.004767894744873047,1.0,1.0,1.0,1.0,1.0,1.0,1.0,1.0,subgenre-current,novela romántica,novela realista,2000,word,tfidf,6
362,2,0.01177072525024414,0.0062563419342041016,1.0,1.0,1.0,1.0,1.0,1.0,1.0,1.0,subgenre-current,novela romántica,novela realista,2000,word,tfidf,6
363,3,0.009398698806762695,0.004480600357055664,0.8571428571428571,0.8,1.0,0.6666666666666666,1.0,1.0,1.0,1.0,subgenre-current,novela romántica,novela realista,2000,word,tfidf,6
364,4,0.00926518440246582,0.004618406295776367,0.8571428571428571,0.8571428571428571,0.75,1.0,1.0,1.0,1.0,1.0,subgenre-current,novela romántica,novela realista,2000,word,tfidf,6
365,5,0.009014129638671875,0.004465579986572266,1.0,1.0,1.0,1.0,1.0,1.0,1.0,1.0,subgenre-current,novela romántica,novela realista,2000,word,tfidf,6
366,6,0.008857250213623047,0.0046503543853759766,0.8571428571428571,0.8571428571428571,1.0,0.75,1.0,1.0,1.0,1.0,subgenre-current,novela romántica,novela realista,2000,word,tfidf,6
367,7,0.009601354598999023,0.005496025085449219,1.0,1.0,1.0,1.0,1.0,1.0,1.0,1.0,subgenre-current,novela romántica,novela realista,2000,word,tfidf,6
368,8,0.009904623031616211,0.0061511993408203125,0.8571428571428571,0.888888888888889,0.8,1.0,1.0,1.0,1.0,1.0,subgenre-current,novela romántica,novela realista,2000,word,tfidf,6
369,9,0.009081363677978516,0.004430532455444336,1.0,1.0,1.0,1.0,1.0,1.0,1.0,1.0,subgenre-current,novela romántica,novela realista,2000,word,tfidf,6
370,0,0.009179115295410156,0.004554033279418945,0.8571428571428571,0.8,1.0,0.6666666666666666,1.0,1.0,1.0,1.0,subgenre-current,novela romántica,novela realista,2000,word,tfidf,7
371,1,0.009308338165283203,0.0044708251953125,1.0,1.0,1.0,1.0,1.0,1.0,1.0,1.0,subgenre-current,novela romántica,novela realista,2000,word,tfidf,7
372,2,0.009233951568603516,0.004387855529785156,1.0,1.0,1.0,1.0,1.0,1.0,1.0,1.0,subgenre-current,novela romántica,novela realista,2000,word,tfidf,7
373,3,0.00911092758178711,0.004523754119873047,1.0,1.0,1.0,1.0,1.0,1.0,1.0,1.0,subgenre-current,novela romántica,novela realista,2000,word,tfidf,7
374,4,0.008940696716308594,0.004389286041259766,0.8571428571428571,0.8571428571428571,0.75,1.0,1.0,1.0,1.0,1.0,subgenre-current,novela romántica,novela realista,2000,word,tfidf,7
375,5,0.008880615234375,0.0045659542083740234,1.0,1.0,1.0,1.0,1.0,1.0,1.0,1.0,subgenre-current,novela romántica,novela realista,2000,word,tfidf,7
376,6,0.00920724868774414,0.004591226577758789,0.8571428571428571,0.8571428571428571,1.0,0.75,1.0,1.0,1.0,1.0,subgenre-current,novela romántica,novela realista,2000,word,tfidf,7
377,7,0.00885152816772461,0.00448298454284668,0.8571428571428571,0.8571428571428571,1.0,0.75,1.0,1.0,1.0,1.0,subgenre-current,novela romántica,novela realista,2000,word,tfidf,7
378,8,0.009373188018798828,0.004457712173461914,0.7142857142857143,0.75,0.75,0.75,1.0,1.0,1.0,1.0,subgenre-current,novela romántica,novela realista,2000,word,tfidf,7
379,9,0.009256124496459961,0.004657745361328125,1.0,1.0,1.0,1.0,1.0,1.0,1.0,1.0,subgenre-current,novela romántica,novela realista,2000,word,tfidf,7
380,0,0.008864402770996094,0.0044171810150146484,1.0,1.0,1.0,1.0,1.0,1.0,1.0,1.0,subgenre-current,novela romántica,novela realista,2000,word,tfidf,8
381,1,0.009016036987304688,0.004414558410644531,0.8571428571428571,0.8,1.0,0.6666666666666666,1.0,1.0,1.0,1.0,subgenre-current,novela romántica,novela realista,2000,word,tfidf,8
382,2,0.009473562240600586,0.004546165466308594,0.8571428571428571,0.8,1.0,0.6666666666666666,1.0,1.0,1.0,1.0,subgenre-current,novela romántica,novela realista,2000,word,tfidf,8
383,3,0.009104013442993164,0.004506587982177734,0.8571428571428571,0.8,1.0,0.6666666666666666,1.0,1.0,1.0,1.0,subgenre-current,novela romántica,novela realista,2000,word,tfidf,8
384,4,0.00905609130859375,0.004391193389892578,0.8571428571428571,0.8571428571428571,0.75,1.0,1.0,1.0,1.0,1.0,subgenre-current,novela romántica,novela realista,2000,word,tfidf,8
385,5,0.008923053741455078,0.0044324398040771484,0.8571428571428571,0.8571428571428571,1.0,0.75,1.0,1.0,1.0,1.0,subgenre-current,novela romántica,novela realista,2000,word,tfidf,8
386,6,0.009814739227294922,0.004439115524291992,0.7142857142857143,0.6666666666666666,1.0,0.5,1.0,1.0,1.0,1.0,subgenre-current,novela romántica,novela realista,2000,word,tfidf,8
387,7,0.008841276168823242,0.00435638427734375,0.8571428571428571,0.8571428571428571,1.0,0.75,1.0,1.0,1.0,1.0,subgenre-current,novela romántica,novela realista,2000,word,tfidf,8
388,8,0.008888006210327148,0.0043506622314453125,0.8571428571428571,0.888888888888889,0.8,1.0,1.0,1.0,1.0,1.0,subgenre-current,novela romántica,novela realista,2000,word,tfidf,8
389,9,0.008867025375366211,0.004400730133056641,1.0,1.0,1.0,1.0,1.0,1.0,1.0,1.0,subgenre-current,novela romántica,novela realista,2000,word,tfidf,8
390,0,0.009165048599243164,0.004528522491455078,0.8571428571428571,0.8,1.0,0.6666666666666666,1.0,1.0,1.0,1.0,subgenre-current,novela romántica,novela realista,2000,word,tfidf,9
391,1,0.009229660034179688,0.004414081573486328,1.0,1.0,1.0,1.0,1.0,1.0,1.0,1.0,subgenre-current,novela romántica,novela realista,2000,word,tfidf,9
392,2,0.008975744247436523,0.004431724548339844,1.0,1.0,1.0,1.0,1.0,1.0,1.0,1.0,subgenre-current,novela romántica,novela realista,2000,word,tfidf,9
393,3,0.009198904037475586,0.004554033279418945,1.0,1.0,1.0,1.0,1.0,1.0,1.0,1.0,subgenre-current,novela romántica,novela realista,2000,word,tfidf,9
394,4,0.009317159652709961,0.004508495330810547,0.8571428571428571,0.8571428571428571,0.75,1.0,1.0,1.0,1.0,1.0,subgenre-current,novela romántica,novela realista,2000,word,tfidf,9
395,5,0.009155988693237305,0.004569530487060547,0.7142857142857143,0.6666666666666666,1.0,0.5,1.0,1.0,1.0,1.0,subgenre-current,novela romántica,novela realista,2000,word,tfidf,9
396,6,0.010004520416259766,0.004446506500244141,1.0,1.0,1.0,1.0,1.0,1.0,1.0,1.0,subgenre-current,novela romántica,novela realista,2000,word,tfidf,9
397,7,0.008890390396118164,0.0044155120849609375,0.5714285714285714,0.5714285714285715,0.6666666666666666,0.5,1.0,1.0,1.0,1.0,subgenre-current,novela romántica,novela realista,2000,word,tfidf,9
398,8,0.008874177932739258,0.00439763069152832,0.8571428571428571,0.888888888888889,0.8,1.0,1.0,1.0,1.0,1.0,subgenre-current,novela romántica,novela realista,2000,word,tfidf,9
399,9,0.009037256240844727,0.004541873931884766,1.0,1.0,1.0,1.0,1.0,1.0,1.0,1.0,subgenre-current,novela romántica,novela realista,2000,word,tfidf,9
400,0,0.014311552047729492,0.0048906803131103516,0.8888888888888888,0.888888888888889,1.0,0.8,1.0,1.0,1.0,1.0,subgenre-current,novela romántica,novela naturalista,2000,word,tfidf,0
401,1,0.013697147369384766,0.004822969436645508,0.7777777777777778,0.8000000000000002,0.8,0.8,1.0,1.0,1.0,1.0,subgenre-current,novela romántica,novela naturalista,2000,word,tfidf,0
402,2,0.013676881790161133,0.004812479019165039,1.0,1.0,1.0,1.0,1.0,1.0,1.0,1.0,subgenre-current,novela romántica,novela naturalista,2000,word,tfidf,0
403,3,0.0139617919921875,0.0048177242279052734,0.7777777777777778,0.7499999999999999,1.0,0.6,1.0,1.0,1.0,1.0,subgenre-current,novela romántica,novela naturalista,2000,word,tfidf,0
404,4,0.013631582260131836,0.004782915115356445,0.8888888888888888,0.888888888888889,1.0,0.8,1.0,1.0,1.0,1.0,subgenre-current,novela romántica,novela naturalista,2000,word,tfidf,0
405,5,0.014027118682861328,0.00487828254699707,0.8888888888888888,0.888888888888889,0.8,1.0,1.0,1.0,1.0,1.0,subgenre-current,novela romántica,novela naturalista,2000,word,tfidf,0
406,6,0.013875961303710938,0.004817485809326172,1.0,1.0,1.0,1.0,1.0,1.0,1.0,1.0,subgenre-current,novela romántica,novela naturalista,2000,word,tfidf,0
407,7,0.013622283935546875,0.004795074462890625,1.0,1.0,1.0,1.0,1.0,1.0,1.0,1.0,subgenre-current,novela romántica,novela naturalista,2000,word,tfidf,0
408,8,0.014081954956054688,0.004877805709838867,0.7777777777777778,0.75,0.75,0.75,1.0,1.0,1.0,1.0,subgenre-current,novela romántica,novela naturalista,2000,word,tfidf,0
409,9,0.013836383819580078,0.004797697067260742,1.0,1.0,1.0,1.0,1.0,1.0,1.0,1.0,subgenre-current,novela romántica,novela naturalista,2000,word,tfidf,0
410,0,0.013930797576904297,0.0049173831939697266,1.0,1.0,1.0,1.0,1.0,1.0,1.0,1.0,subgenre-current,novela romántica,novela naturalista,2000,word,tfidf,1
411,1,0.014122247695922852,0.004870891571044922,0.6666666666666666,0.6666666666666665,0.75,0.6,1.0,1.0,1.0,1.0,subgenre-current,novela romántica,novela naturalista,2000,word,tfidf,1
412,2,0.014481306076049805,0.004979848861694336,1.0,1.0,1.0,1.0,1.0,1.0,1.0,1.0,subgenre-current,novela romántica,novela naturalista,2000,word,tfidf,1
413,3,0.014247417449951172,0.005051851272583008,0.8888888888888888,0.888888888888889,1.0,0.8,1.0,1.0,1.0,1.0,subgenre-current,novela romántica,novela naturalista,2000,word,tfidf,1
414,4,0.01385188102722168,0.004902362823486328,0.8888888888888888,0.888888888888889,1.0,0.8,1.0,1.0,1.0,1.0,subgenre-current,novela romántica,novela naturalista,2000,word,tfidf,1
415,5,0.014201879501342773,0.0048749446868896484,0.8888888888888888,0.888888888888889,0.8,1.0,1.0,1.0,1.0,1.0,subgenre-current,novela romántica,novela naturalista,2000,word,tfidf,1
416,6,0.01398921012878418,0.004875898361206055,1.0,1.0,1.0,1.0,1.0,1.0,1.0,1.0,subgenre-current,novela romántica,novela naturalista,2000,word,tfidf,1
417,7,0.014262199401855469,0.004899740219116211,1.0,1.0,1.0,1.0,1.0,1.0,1.0,1.0,subgenre-current,novela romántica,novela naturalista,2000,word,tfidf,1
418,8,0.014116048812866211,0.004895448684692383,0.6666666666666666,0.5714285714285715,0.6666666666666666,0.5,1.0,1.0,1.0,1.0,subgenre-current,novela romántica,novela naturalista,2000,word,tfidf,1
419,9,0.014154195785522461,0.004807710647583008,1.0,1.0,1.0,1.0,1.0,1.0,1.0,1.0,subgenre-current,novela romántica,novela naturalista,2000,word,tfidf,1
420,0,0.014193296432495117,0.0049860477447509766,1.0,1.0,1.0,1.0,1.0,1.0,1.0,1.0,subgenre-current,novela romántica,novela naturalista,2000,word,tfidf,2
421,1,0.014538764953613281,0.005762338638305664,0.8888888888888888,0.9090909090909091,0.8333333333333334,1.0,1.0,1.0,1.0,1.0,subgenre-current,novela romántica,novela naturalista,2000,word,tfidf,2
422,2,0.014319181442260742,0.005057811737060547,1.0,1.0,1.0,1.0,1.0,1.0,1.0,1.0,subgenre-current,novela romántica,novela naturalista,2000,word,tfidf,2
423,3,0.013889312744140625,0.005003929138183594,0.8888888888888888,0.888888888888889,1.0,0.8,1.0,1.0,1.0,1.0,subgenre-current,novela romántica,novela naturalista,2000,word,tfidf,2
424,4,0.014204740524291992,0.004895925521850586,1.0,1.0,1.0,1.0,1.0,1.0,1.0,1.0,subgenre-current,novela romántica,novela naturalista,2000,word,tfidf,2
425,5,0.014264583587646484,0.0049893856048583984,0.5555555555555556,0.3333333333333333,0.5,0.25,1.0,1.0,1.0,1.0,subgenre-current,novela romántica,novela naturalista,2000,word,tfidf,2
426,6,0.01378774642944336,0.005020618438720703,1.0,1.0,1.0,1.0,1.0,1.0,1.0,1.0,subgenre-current,novela romántica,novela naturalista,2000,word,tfidf,2
427,7,0.014099359512329102,0.004864692687988281,0.8888888888888888,0.8571428571428571,1.0,0.75,1.0,1.0,1.0,1.0,subgenre-current,novela romántica,novela naturalista,2000,word,tfidf,2
428,8,0.01402902603149414,0.005036354064941406,0.7777777777777778,0.75,0.75,0.75,1.0,1.0,1.0,1.0,subgenre-current,novela romántica,novela naturalista,2000,word,tfidf,2
429,9,0.013915538787841797,0.004823923110961914,1.0,1.0,1.0,1.0,1.0,1.0,1.0,1.0,subgenre-current,novela romántica,novela naturalista,2000,word,tfidf,2
430,0,0.014164447784423828,0.004948854446411133,1.0,1.0,1.0,1.0,1.0,1.0,1.0,1.0,subgenre-current,novela romántica,novela naturalista,2000,word,tfidf,3
431,1,0.014705419540405273,0.004941225051879883,0.8888888888888888,0.9090909090909091,0.8333333333333334,1.0,1.0,1.0,1.0,1.0,subgenre-current,novela romántica,novela naturalista,2000,word,tfidf,3
432,2,0.014121294021606445,0.004849672317504883,0.6666666666666666,0.5714285714285715,1.0,0.4,1.0,1.0,1.0,1.0,subgenre-current,novela romántica,novela naturalista,2000,word,tfidf,3
433,3,0.014432668685913086,0.004941463470458984,0.8888888888888888,0.888888888888889,1.0,0.8,1.0,1.0,1.0,1.0,subgenre-current,novela romántica,novela naturalista,2000,word,tfidf,3
434,4,0.014927148818969727,0.005072832107543945,0.8888888888888888,0.888888888888889,1.0,0.8,1.0,1.0,1.0,1.0,subgenre-current,novela romántica,novela naturalista,2000,word,tfidf,3
435,5,0.01465296745300293,0.005051374435424805,0.8888888888888888,0.888888888888889,0.8,1.0,1.0,1.0,1.0,1.0,subgenre-current,novela romántica,novela naturalista,2000,word,tfidf,3
436,6,0.01458120346069336,0.005085945129394531,0.8888888888888888,0.8571428571428571,1.0,0.75,1.0,1.0,1.0,1.0,subgenre-current,novela romántica,novela naturalista,2000,word,tfidf,3
437,7,0.014761686325073242,0.00485682487487793,0.8888888888888888,0.888888888888889,0.8,1.0,1.0,1.0,1.0,1.0,subgenre-current,novela romántica,novela naturalista,2000,word,tfidf,3
438,8,0.014832735061645508,0.005033254623413086,0.7777777777777778,0.75,0.75,0.75,1.0,1.0,1.0,1.0,subgenre-current,novela romántica,novela naturalista,2000,word,tfidf,3
439,9,0.014619112014770508,0.006791353225708008,1.0,1.0,1.0,1.0,1.0,1.0,1.0,1.0,subgenre-current,novela romántica,novela naturalista,2000,word,tfidf,3
440,0,0.013757467269897461,0.0048902034759521484,0.8888888888888888,0.888888888888889,1.0,0.8,1.0,1.0,1.0,1.0,subgenre-current,novela romántica,novela naturalista,2000,word,tfidf,4
441,1,0.013789892196655273,0.004903554916381836,0.7777777777777778,0.8000000000000002,0.8,0.8,1.0,1.0,1.0,1.0,subgenre-current,novela romántica,novela naturalista,2000,word,tfidf,4
442,2,0.014629125595092773,0.004922389984130859,1.0,1.0,1.0,1.0,1.0,1.0,1.0,1.0,subgenre-current,novela romántica,novela naturalista,2000,word,tfidf,4
443,3,0.013826608657836914,0.00502777099609375,0.8888888888888888,0.888888888888889,1.0,0.8,1.0,1.0,1.0,1.0,subgenre-current,novela romántica,novela naturalista,2000,word,tfidf,4
444,4,0.01402425765991211,0.004986286163330078,1.0,1.0,1.0,1.0,1.0,1.0,1.0,1.0,subgenre-current,novela romántica,novela naturalista,2000,word,tfidf,4
445,5,0.014016151428222656,0.0050008296966552734,0.7777777777777778,0.75,0.75,0.75,1.0,1.0,1.0,1.0,subgenre-current,novela romántica,novela naturalista,2000,word,tfidf,4
446,6,0.013758182525634766,0.005009889602661133,1.0,1.0,1.0,1.0,1.0,1.0,1.0,1.0,subgenre-current,novela romántica,novela naturalista,2000,word,tfidf,4
447,7,0.013557672500610352,0.0049135684967041016,1.0,1.0,1.0,1.0,1.0,1.0,1.0,1.0,subgenre-current,novela romántica,novela naturalista,2000,word,tfidf,4
448,8,0.013954401016235352,0.004955768585205078,0.6666666666666666,0.5714285714285715,0.6666666666666666,0.5,1.0,1.0,1.0,1.0,subgenre-current,novela romántica,novela naturalista,2000,word,tfidf,4
449,9,0.013998270034790039,0.004776954650878906,1.0,1.0,1.0,1.0,1.0,1.0,1.0,1.0,subgenre-current,novela romántica,novela naturalista,2000,word,tfidf,4
450,0,0.014213323593139648,0.004954099655151367,0.8888888888888888,0.888888888888889,1.0,0.8,1.0,1.0,1.0,1.0,subgenre-current,novela romántica,novela naturalista,2000,word,tfidf,5
451,1,0.013954877853393555,0.004939556121826172,0.7777777777777778,0.8000000000000002,0.8,0.8,1.0,1.0,1.0,1.0,subgenre-current,novela romántica,novela naturalista,2000,word,tfidf,5
452,2,0.014482498168945312,0.004964351654052734,0.8888888888888888,0.888888888888889,1.0,0.8,1.0,1.0,1.0,1.0,subgenre-current,novela romántica,novela naturalista,2000,word,tfidf,5
453,3,0.014444828033447266,0.0048406124114990234,1.0,1.0,1.0,1.0,1.0,1.0,1.0,1.0,subgenre-current,novela romántica,novela naturalista,2000,word,tfidf,5
454,4,0.013886213302612305,0.004807949066162109,0.8888888888888888,0.888888888888889,1.0,0.8,1.0,1.0,1.0,1.0,subgenre-current,novela romántica,novela naturalista,2000,word,tfidf,5
455,5,0.014464378356933594,0.00494074821472168,0.8888888888888888,0.888888888888889,0.8,1.0,1.0,1.0,1.0,1.0,subgenre-current,novela romántica,novela naturalista,2000,word,tfidf,5
456,6,0.014278411865234375,0.004872798919677734,1.0,1.0,1.0,1.0,1.0,1.0,1.0,1.0,subgenre-current,novela romántica,novela naturalista,2000,word,tfidf,5
457,7,0.014579057693481445,0.00491642951965332,1.0,1.0,1.0,1.0,1.0,1.0,1.0,1.0,subgenre-current,novela romántica,novela naturalista,2000,word,tfidf,5
458,8,0.014157295227050781,0.0048525333404541016,0.7777777777777778,0.75,0.75,0.75,1.0,1.0,1.0,1.0,subgenre-current,novela romántica,novela naturalista,2000,word,tfidf,5
459,9,0.014092683792114258,0.0048754215240478516,1.0,1.0,1.0,1.0,1.0,1.0,1.0,1.0,subgenre-current,novela romántica,novela naturalista,2000,word,tfidf,5
460,0,0.013847827911376953,0.004923105239868164,1.0,1.0,1.0,1.0,1.0,1.0,1.0,1.0,subgenre-current,novela romántica,novela naturalista,2000,word,tfidf,6
461,1,0.013826370239257812,0.0049097537994384766,0.8888888888888888,0.9090909090909091,0.8333333333333334,1.0,1.0,1.0,1.0,1.0,subgenre-current,novela romántica,novela naturalista,2000,word,tfidf,6
462,2,0.014327526092529297,0.004931211471557617,0.8888888888888888,0.888888888888889,1.0,0.8,1.0,1.0,1.0,1.0,subgenre-current,novela romántica,novela naturalista,2000,word,tfidf,6
463,3,0.014017581939697266,0.005021333694458008,0.8888888888888888,0.888888888888889,1.0,0.8,1.0,1.0,1.0,1.0,subgenre-current,novela romántica,novela naturalista,2000,word,tfidf,6
464,4,0.014174222946166992,0.00498509407043457,0.8888888888888888,0.888888888888889,1.0,0.8,1.0,1.0,1.0,1.0,subgenre-current,novela romántica,novela naturalista,2000,word,tfidf,6
465,5,0.01383829116821289,0.0049130916595458984,0.8888888888888888,0.888888888888889,0.8,1.0,1.0,1.0,1.0,1.0,subgenre-current,novela romántica,novela naturalista,2000,word,tfidf,6
466,6,0.01361536979675293,0.004840850830078125,1.0,1.0,1.0,1.0,1.0,1.0,1.0,1.0,subgenre-current,novela romántica,novela naturalista,2000,word,tfidf,6
467,7,0.014161825180053711,0.004893302917480469,0.7777777777777778,0.75,0.75,0.75,1.0,1.0,1.0,1.0,subgenre-current,novela romántica,novela naturalista,2000,word,tfidf,6
468,8,0.014012575149536133,0.004888772964477539,0.8888888888888888,0.888888888888889,0.8,1.0,1.0,1.0,1.0,1.0,subgenre-current,novela romántica,novela naturalista,2000,word,tfidf,6
469,9,0.014047622680664062,0.00485992431640625,1.0,1.0,1.0,1.0,1.0,1.0,1.0,1.0,subgenre-current,novela romántica,novela naturalista,2000,word,tfidf,6
470,0,0.01391911506652832,0.005013465881347656,1.0,1.0,1.0,1.0,1.0,1.0,1.0,1.0,subgenre-current,novela romántica,novela naturalista,2000,word,tfidf,7
471,1,0.013904094696044922,0.0048980712890625,0.7777777777777778,0.75,0.75,0.75,1.0,1.0,1.0,1.0,subgenre-current,novela romántica,novela naturalista,2000,word,tfidf,7
472,2,0.015550374984741211,0.00493931770324707,1.0,1.0,1.0,1.0,1.0,1.0,1.0,1.0,subgenre-current,novela romántica,novela naturalista,2000,word,tfidf,7
473,3,0.014005184173583984,0.00478672981262207,0.8888888888888888,0.8571428571428571,1.0,0.75,1.0,1.0,1.0,1.0,subgenre-current,novela romántica,novela naturalista,2000,word,tfidf,7
474,4,0.014215946197509766,0.00482487678527832,0.8888888888888888,0.888888888888889,0.8,1.0,1.0,1.0,1.0,1.0,subgenre-current,novela romántica,novela naturalista,2000,word,tfidf,7
475,5,0.01407933235168457,0.004830837249755859,0.8888888888888888,0.888888888888889,1.0,0.8,1.0,1.0,1.0,1.0,subgenre-current,novela romántica,novela naturalista,2000,word,tfidf,7
476,6,0.01431131362915039,0.004803180694580078,1.0,1.0,1.0,1.0,1.0,1.0,1.0,1.0,subgenre-current,novela romántica,novela naturalista,2000,word,tfidf,7
477,7,0.014343023300170898,0.0048847198486328125,1.0,1.0,1.0,1.0,1.0,1.0,1.0,1.0,subgenre-current,novela romántica,novela naturalista,2000,word,tfidf,7
478,8,0.013953447341918945,0.0047304630279541016,0.7777777777777778,0.8000000000000002,0.8,0.8,1.0,1.0,1.0,1.0,subgenre-current,novela romántica,novela naturalista,2000,word,tfidf,7
479,9,0.013965845108032227,0.0048313140869140625,1.0,1.0,1.0,1.0,1.0,1.0,1.0,1.0,subgenre-current,novela romántica,novela naturalista,2000,word,tfidf,7
480,0,0.016171693801879883,0.006831169128417969,1.0,1.0,1.0,1.0,1.0,1.0,1.0,1.0,subgenre-current,novela romántica,novela naturalista,2000,word,tfidf,8
481,1,0.01470494270324707,0.00490260124206543,0.8888888888888888,0.9090909090909091,0.8333333333333334,1.0,1.0,1.0,1.0,1.0,subgenre-current,novela romántica,novela naturalista,2000,word,tfidf,8
482,2,0.013936042785644531,0.005118846893310547,0.8888888888888888,0.888888888888889,1.0,0.8,1.0,1.0,1.0,1.0,subgenre-current,novela romántica,novela naturalista,2000,word,tfidf,8
483,3,0.014002323150634766,0.0048525333404541016,1.0,1.0,1.0,1.0,1.0,1.0,1.0,1.0,subgenre-current,novela romántica,novela naturalista,2000,word,tfidf,8
484,4,0.013874530792236328,0.004846096038818359,1.0,1.0,1.0,1.0,1.0,1.0,1.0,1.0,subgenre-current,novela romántica,novela naturalista,2000,word,tfidf,8
485,5,0.014221906661987305,0.005098104476928711,0.8888888888888888,0.888888888888889,0.8,1.0,1.0,1.0,1.0,1.0,subgenre-current,novela romántica,novela naturalista,2000,word,tfidf,8
486,6,0.015688657760620117,0.004843235015869141,1.0,1.0,1.0,1.0,1.0,1.0,1.0,1.0,subgenre-current,novela romántica,novela naturalista,2000,word,tfidf,8
487,7,0.014274358749389648,0.004980802536010742,1.0,1.0,1.0,1.0,1.0,1.0,1.0,1.0,subgenre-current,novela romántica,novela naturalista,2000,word,tfidf,8
488,8,0.014045953750610352,0.0049686431884765625,0.7777777777777778,0.75,0.75,0.75,1.0,1.0,1.0,1.0,subgenre-current,novela romántica,novela naturalista,2000,word,tfidf,8
489,9,0.013932466506958008,0.004886627197265625,1.0,1.0,1.0,1.0,1.0,1.0,1.0,1.0,subgenre-current,novela romántica,novela naturalista,2000,word,tfidf,8
490,0,0.013868331909179688,0.0047757625579833984,1.0,1.0,1.0,1.0,1.0,1.0,1.0,1.0,subgenre-current,novela romántica,novela naturalista,2000,word,tfidf,9
491,1,0.014091730117797852,0.00495147705078125,0.7777777777777778,0.8000000000000002,0.8,0.8,1.0,1.0,1.0,1.0,subgenre-current,novela romántica,novela naturalista,2000,word,tfidf,9
492,2,0.01400899887084961,0.005118370056152344,1.0,1.0,1.0,1.0,1.0,1.0,1.0,1.0,subgenre-current,novela romántica,novela naturalista,2000,word,tfidf,9
493,3,0.014093399047851562,0.004735708236694336,0.8888888888888888,0.888888888888889,1.0,0.8,1.0,1.0,1.0,1.0,subgenre-current,novela romántica,novela naturalista,2000,word,tfidf,9
494,4,0.014009714126586914,0.00484776496887207,1.0,1.0,1.0,1.0,1.0,1.0,1.0,1.0,subgenre-current,novela romántica,novela naturalista,2000,word,tfidf,9
495,5,0.014091253280639648,0.004877328872680664,0.7777777777777778,0.75,0.75,0.75,1.0,1.0,1.0,1.0,subgenre-current,novela romántica,novela naturalista,2000,word,tfidf,9
496,6,0.01393580436706543,0.004866123199462891,1.0,1.0,1.0,1.0,1.0,1.0,1.0,1.0,subgenre-current,novela romántica,novela naturalista,2000,word,tfidf,9
497,7,0.013884544372558594,0.004869222640991211,0.7777777777777778,0.75,0.75,0.75,1.0,1.0,1.0,1.0,subgenre-current,novela romántica,novela naturalista,2000,word,tfidf,9
498,8,0.014233589172363281,0.00487828254699707,0.8888888888888888,0.888888888888889,0.8,1.0,1.0,1.0,1.0,1.0,subgenre-current,novela romántica,novela naturalista,2000,word,tfidf,9
499,9,0.013970136642456055,0.004828691482543945,0.8888888888888888,0.8571428571428571,1.0,0.75,1.0,1.0,1.0,1.0,subgenre-current,novela romántica,novela naturalista,2000,word,tfidf,9
500,0,0.009350776672363281,0.004456520080566406,0.8571428571428571,0.8571428571428571,1.0,0.75,1.0,1.0,1.0,1.0,subgenre-current,novela realista,novela naturalista,2000,word,tfidf,0
501,1,0.009302377700805664,0.00446772575378418,0.8571428571428571,0.8571428571428571,1.0,0.75,1.0,1.0,1.0,1.0,subgenre-current,novela realista,novela naturalista,2000,word,tfidf,0
502,2,0.00935983657836914,0.0045318603515625,1.0,1.0,1.0,1.0,1.0,1.0,1.0,1.0,subgenre-current,novela realista,novela naturalista,2000,word,tfidf,0
503,3,0.009262561798095703,0.004462718963623047,1.0,1.0,1.0,1.0,1.0,1.0,1.0,1.0,subgenre-current,novela realista,novela naturalista,2000,word,tfidf,0
504,4,0.009280920028686523,0.004429817199707031,0.8571428571428571,0.8571428571428571,1.0,0.75,1.0,1.0,1.0,1.0,subgenre-current,novela realista,novela naturalista,2000,word,tfidf,0
505,5,0.008982419967651367,0.0044291019439697266,0.5714285714285714,0.6666666666666666,0.5,1.0,1.0,1.0,1.0,1.0,subgenre-current,novela realista,novela naturalista,2000,word,tfidf,0
506,6,0.009306907653808594,0.004516124725341797,0.8571428571428571,0.8571428571428571,0.75,1.0,1.0,1.0,1.0,1.0,subgenre-current,novela realista,novela naturalista,2000,word,tfidf,0
507,7,0.009222984313964844,0.004485607147216797,1.0,1.0,1.0,1.0,1.0,1.0,1.0,1.0,subgenre-current,novela realista,novela naturalista,2000,word,tfidf,0
508,8,0.008811235427856445,0.004364013671875,0.7142857142857143,0.6666666666666666,0.6666666666666666,0.6666666666666666,1.0,1.0,1.0,1.0,subgenre-current,novela realista,novela naturalista,2000,word,tfidf,0
509,9,0.009264469146728516,0.004456996917724609,1.0,1.0,1.0,1.0,1.0,1.0,1.0,1.0,subgenre-current,novela realista,novela naturalista,2000,word,tfidf,0
510,0,0.010454177856445312,0.004638195037841797,0.8571428571428571,0.888888888888889,0.8,1.0,1.0,1.0,1.0,1.0,subgenre-current,novela realista,novela naturalista,2000,word,tfidf,1
511,1,0.009865999221801758,0.004679679870605469,0.7142857142857143,0.6666666666666666,1.0,0.5,1.0,1.0,1.0,1.0,subgenre-current,novela realista,novela naturalista,2000,word,tfidf,1
512,2,0.009670734405517578,0.005657196044921875,1.0,1.0,1.0,1.0,1.0,1.0,1.0,1.0,subgenre-current,novela realista,novela naturalista,2000,word,tfidf,1
513,3,0.009743690490722656,0.004491329193115234,1.0,1.0,1.0,1.0,1.0,1.0,1.0,1.0,subgenre-current,novela realista,novela naturalista,2000,word,tfidf,1
514,4,0.009546041488647461,0.0045130252838134766,0.5714285714285714,0.6666666666666665,0.6,0.75,1.0,1.0,1.0,1.0,subgenre-current,novela realista,novela naturalista,2000,word,tfidf,1
515,5,0.009515762329101562,0.004476308822631836,0.8571428571428571,0.8571428571428571,0.75,1.0,1.0,1.0,1.0,1.0,subgenre-current,novela realista,novela naturalista,2000,word,tfidf,1
516,6,0.009695053100585938,0.004630327224731445,1.0,1.0,1.0,1.0,1.0,1.0,1.0,1.0,subgenre-current,novela realista,novela naturalista,2000,word,tfidf,1
517,7,0.009671211242675781,0.006211519241333008,0.8571428571428571,0.8,1.0,0.6666666666666666,1.0,1.0,1.0,1.0,subgenre-current,novela realista,novela naturalista,2000,word,tfidf,1
518,8,0.010870218276977539,0.007117271423339844,0.5714285714285714,0.4,0.5,0.3333333333333333,1.0,1.0,1.0,1.0,subgenre-current,novela realista,novela naturalista,2000,word,tfidf,1
519,9,0.01121068000793457,0.004578828811645508,1.0,1.0,1.0,1.0,1.0,1.0,1.0,1.0,subgenre-current,novela realista,novela naturalista,2000,word,tfidf,1
520,0,0.009587287902832031,0.004729747772216797,0.7142857142857143,0.75,0.75,0.75,1.0,1.0,1.0,1.0,subgenre-current,novela realista,novela naturalista,2000,word,tfidf,2
521,1,0.01015329360961914,0.004499673843383789,0.7142857142857143,0.6666666666666666,1.0,0.5,1.0,1.0,1.0,1.0,subgenre-current,novela realista,novela naturalista,2000,word,tfidf,2
522,2,0.009259462356567383,0.004828691482543945,1.0,1.0,1.0,1.0,1.0,1.0,1.0,1.0,subgenre-current,novela realista,novela naturalista,2000,word,tfidf,2
523,3,0.009333372116088867,0.004513263702392578,1.0,1.0,1.0,1.0,1.0,1.0,1.0,1.0,subgenre-current,novela realista,novela naturalista,2000,word,tfidf,2
524,4,0.009280920028686523,0.004507541656494141,0.5714285714285714,0.6666666666666665,0.6,0.75,1.0,1.0,1.0,1.0,subgenre-current,novela realista,novela naturalista,2000,word,tfidf,2
525,5,0.00952005386352539,0.0044291019439697266,0.5714285714285714,0.6666666666666666,0.5,1.0,1.0,1.0,1.0,1.0,subgenre-current,novela realista,novela naturalista,2000,word,tfidf,2
526,6,0.009354829788208008,0.0044934749603271484,1.0,1.0,1.0,1.0,1.0,1.0,1.0,1.0,subgenre-current,novela realista,novela naturalista,2000,word,tfidf,2
527,7,0.009422779083251953,0.0044858455657958984,0.8571428571428571,0.8,1.0,0.6666666666666666,1.0,1.0,1.0,1.0,subgenre-current,novela realista,novela naturalista,2000,word,tfidf,2
528,8,0.00925445556640625,0.0045053958892822266,0.42857142857142855,0.3333333333333333,0.3333333333333333,0.3333333333333333,1.0,1.0,1.0,1.0,subgenre-current,novela realista,novela naturalista,2000,word,tfidf,2
529,9,0.00932931900024414,0.004432201385498047,1.0,1.0,1.0,1.0,1.0,1.0,1.0,1.0,subgenre-current,novela realista,novela naturalista,2000,word,tfidf,2
530,0,0.009502649307250977,0.005606651306152344,0.7142857142857143,0.75,0.75,0.75,1.0,1.0,1.0,1.0,subgenre-current,novela realista,novela naturalista,2000,word,tfidf,3
531,1,0.009783506393432617,0.004584074020385742,0.8571428571428571,0.8571428571428571,1.0,0.75,1.0,1.0,1.0,1.0,subgenre-current,novela realista,novela naturalista,2000,word,tfidf,3
532,2,0.009536504745483398,0.004498958587646484,1.0,1.0,1.0,1.0,1.0,1.0,1.0,1.0,subgenre-current,novela realista,novela naturalista,2000,word,tfidf,3
533,3,0.009979486465454102,0.0044858455657958984,1.0,1.0,1.0,1.0,1.0,1.0,1.0,1.0,subgenre-current,novela realista,novela naturalista,2000,word,tfidf,3
534,4,0.009635210037231445,0.00449061393737793,0.8571428571428571,0.8571428571428571,1.0,0.75,1.0,1.0,1.0,1.0,subgenre-current,novela realista,novela naturalista,2000,word,tfidf,3
535,5,0.009135723114013672,0.004378080368041992,0.7142857142857143,0.7499999999999999,0.6,1.0,1.0,1.0,1.0,1.0,subgenre-current,novela realista,novela naturalista,2000,word,tfidf,3
536,6,0.009607315063476562,0.004464387893676758,1.0,1.0,1.0,1.0,1.0,1.0,1.0,1.0,subgenre-current,novela realista,novela naturalista,2000,word,tfidf,3
537,7,0.009569406509399414,0.004407644271850586,0.8571428571428571,0.8571428571428571,0.75,1.0,1.0,1.0,1.0,1.0,subgenre-current,novela realista,novela naturalista,2000,word,tfidf,3
538,8,0.00936746597290039,0.0044748783111572266,0.7142857142857143,0.5,1.0,0.3333333333333333,1.0,1.0,1.0,1.0,subgenre-current,novela realista,novela naturalista,2000,word,tfidf,3
539,9,0.009572029113769531,0.004491567611694336,1.0,1.0,1.0,1.0,1.0,1.0,1.0,1.0,subgenre-current,novela realista,novela naturalista,2000,word,tfidf,3
540,0,0.009343624114990234,0.004502534866333008,0.7142857142857143,0.75,0.75,0.75,1.0,1.0,1.0,1.0,subgenre-current,novela realista,novela naturalista,2000,word,tfidf,4
541,1,0.009174108505249023,0.004530191421508789,0.8571428571428571,0.8571428571428571,1.0,0.75,1.0,1.0,1.0,1.0,subgenre-current,novela realista,novela naturalista,2000,word,tfidf,4
542,2,0.009355545043945312,0.004429817199707031,1.0,1.0,1.0,1.0,1.0,1.0,1.0,1.0,subgenre-current,novela realista,novela naturalista,2000,word,tfidf,4
543,3,0.009259462356567383,0.004528999328613281,1.0,1.0,1.0,1.0,1.0,1.0,1.0,1.0,subgenre-current,novela realista,novela naturalista,2000,word,tfidf,4
544,4,0.009313344955444336,0.004435300827026367,0.8571428571428571,0.8571428571428571,1.0,0.75,1.0,1.0,1.0,1.0,subgenre-current,novela realista,novela naturalista,2000,word,tfidf,4
545,5,0.009246349334716797,0.0045239925384521484,0.7142857142857143,0.7499999999999999,0.6,1.0,1.0,1.0,1.0,1.0,subgenre-current,novela realista,novela naturalista,2000,word,tfidf,4
546,6,0.009365558624267578,0.004532337188720703,1.0,1.0,1.0,1.0,1.0,1.0,1.0,1.0,subgenre-current,novela realista,novela naturalista,2000,word,tfidf,4
547,7,0.009536981582641602,0.005020856857299805,1.0,1.0,1.0,1.0,1.0,1.0,1.0,1.0,subgenre-current,novela realista,novela naturalista,2000,word,tfidf,4
548,8,0.009303569793701172,0.004551887512207031,0.7142857142857143,0.6666666666666666,0.6666666666666666,0.6666666666666666,1.0,1.0,1.0,1.0,subgenre-current,novela realista,novela naturalista,2000,word,tfidf,4
549,9,0.009284257888793945,0.004522562026977539,0.8571428571428571,0.8571428571428571,0.75,1.0,1.0,1.0,1.0,1.0,subgenre-current,novela realista,novela naturalista,2000,word,tfidf,4
550,0,0.00937652587890625,0.0045928955078125,0.7142857142857143,0.75,0.75,0.75,1.0,1.0,1.0,1.0,subgenre-current,novela realista,novela naturalista,2000,word,tfidf,5
551,1,0.009580612182617188,0.0045926570892333984,0.7142857142857143,0.6666666666666666,1.0,0.5,1.0,1.0,1.0,1.0,subgenre-current,novela realista,novela naturalista,2000,word,tfidf,5
552,2,0.00943613052368164,0.004588127136230469,1.0,1.0,1.0,1.0,1.0,1.0,1.0,1.0,subgenre-current,novela realista,novela naturalista,2000,word,tfidf,5
553,3,0.009727239608764648,0.004564523696899414,1.0,1.0,1.0,1.0,1.0,1.0,1.0,1.0,subgenre-current,novela realista,novela naturalista,2000,word,tfidf,5
554,4,0.009831428527832031,0.0045549869537353516,0.7142857142857143,0.75,0.75,0.75,1.0,1.0,1.0,1.0,subgenre-current,novela realista,novela naturalista,2000,word,tfidf,5
555,5,0.009685754776000977,0.004609823226928711,0.7142857142857143,0.7499999999999999,0.6,1.0,1.0,1.0,1.0,1.0,subgenre-current,novela realista,novela naturalista,2000,word,tfidf,5
556,6,0.009531259536743164,0.004641056060791016,1.0,1.0,1.0,1.0,1.0,1.0,1.0,1.0,subgenre-current,novela realista,novela naturalista,2000,word,tfidf,5
557,7,0.00980997085571289,0.004607200622558594,0.8571428571428571,0.8,1.0,0.6666666666666666,1.0,1.0,1.0,1.0,subgenre-current,novela realista,novela naturalista,2000,word,tfidf,5
558,8,0.00993967056274414,0.004553556442260742,0.5714285714285714,0.5714285714285715,0.5,0.6666666666666666,1.0,1.0,1.0,1.0,subgenre-current,novela realista,novela naturalista,2000,word,tfidf,5
559,9,0.009740591049194336,0.0045354366302490234,1.0,1.0,1.0,1.0,1.0,1.0,1.0,1.0,subgenre-current,novela realista,novela naturalista,2000,word,tfidf,5
560,0,0.009479522705078125,0.004584789276123047,0.7142857142857143,0.75,0.75,0.75,1.0,1.0,1.0,1.0,subgenre-current,novela realista,novela naturalista,2000,word,tfidf,6
561,1,0.009312868118286133,0.004477024078369141,0.7142857142857143,0.6666666666666666,1.0,0.5,1.0,1.0,1.0,1.0,subgenre-current,novela realista,novela naturalista,2000,word,tfidf,6
562,2,0.009777069091796875,0.0045621395111083984,1.0,1.0,1.0,1.0,1.0,1.0,1.0,1.0,subgenre-current,novela realista,novela naturalista,2000,word,tfidf,6
563,3,0.009511947631835938,0.004456996917724609,1.0,1.0,1.0,1.0,1.0,1.0,1.0,1.0,subgenre-current,novela realista,novela naturalista,2000,word,tfidf,6
564,4,0.009288549423217773,0.004482746124267578,0.7142857142857143,0.75,0.75,0.75,1.0,1.0,1.0,1.0,subgenre-current,novela realista,novela naturalista,2000,word,tfidf,6
565,5,0.009293794631958008,0.004454612731933594,0.7142857142857143,0.7499999999999999,0.6,1.0,1.0,1.0,1.0,1.0,subgenre-current,novela realista,novela naturalista,2000,word,tfidf,6
566,6,0.009330034255981445,0.004492521286010742,1.0,1.0,1.0,1.0,1.0,1.0,1.0,1.0,subgenre-current,novela realista,novela naturalista,2000,word,tfidf,6
567,7,0.009191036224365234,0.00451970100402832,0.7142857142857143,0.6666666666666666,0.6666666666666666,0.6666666666666666,1.0,1.0,1.0,1.0,subgenre-current,novela realista,novela naturalista,2000,word,tfidf,6
568,8,0.009352922439575195,0.004581451416015625,0.7142857142857143,0.6666666666666666,0.6666666666666666,0.6666666666666666,1.0,1.0,1.0,1.0,subgenre-current,novela realista,novela naturalista,2000,word,tfidf,6
569,9,0.009403705596923828,0.004546165466308594,1.0,1.0,1.0,1.0,1.0,1.0,1.0,1.0,subgenre-current,novela realista,novela naturalista,2000,word,tfidf,6
570,0,0.009401082992553711,0.004480838775634766,0.8571428571428571,0.8571428571428571,1.0,0.75,1.0,1.0,1.0,1.0,subgenre-current,novela realista,novela naturalista,2000,word,tfidf,7
571,1,0.009561777114868164,0.0045452117919921875,0.8571428571428571,0.8571428571428571,1.0,0.75,1.0,1.0,1.0,1.0,subgenre-current,novela realista,novela naturalista,2000,word,tfidf,7
572,2,0.00953221321105957,0.004423856735229492,1.0,1.0,1.0,1.0,1.0,1.0,1.0,1.0,subgenre-current,novela realista,novela naturalista,2000,word,tfidf,7
573,3,0.009636878967285156,0.0044705867767333984,1.0,1.0,1.0,1.0,1.0,1.0,1.0,1.0,subgenre-current,novela realista,novela naturalista,2000,word,tfidf,7
574,4,0.009515523910522461,0.004500389099121094,0.8571428571428571,0.8571428571428571,1.0,0.75,1.0,1.0,1.0,1.0,subgenre-current,novela realista,novela naturalista,2000,word,tfidf,7
575,5,0.009577274322509766,0.004437685012817383,0.7142857142857143,0.7499999999999999,0.6,1.0,1.0,1.0,1.0,1.0,subgenre-current,novela realista,novela naturalista,2000,word,tfidf,7
576,6,0.009514331817626953,0.004427671432495117,0.8571428571428571,0.8571428571428571,0.75,1.0,1.0,1.0,1.0,1.0,subgenre-current,novela realista,novela naturalista,2000,word,tfidf,7
577,7,0.00959324836730957,0.004470348358154297,1.0,1.0,1.0,1.0,1.0,1.0,1.0,1.0,subgenre-current,novela realista,novela naturalista,2000,word,tfidf,7
578,8,0.009438037872314453,0.004473209381103516,0.7142857142857143,0.6666666666666666,0.6666666666666666,0.6666666666666666,1.0,1.0,1.0,1.0,subgenre-current,novela realista,novela naturalista,2000,word,tfidf,7
579,9,0.009546756744384766,0.004475116729736328,1.0,1.0,1.0,1.0,1.0,1.0,1.0,1.0,subgenre-current,novela realista,novela naturalista,2000,word,tfidf,7
580,0,0.00919651985168457,0.00451350212097168,0.7142857142857143,0.75,0.75,0.75,1.0,1.0,1.0,1.0,subgenre-current,novela realista,novela naturalista,2000,word,tfidf,8
581,1,0.009514570236206055,0.004505634307861328,0.8571428571428571,0.8571428571428571,1.0,0.75,1.0,1.0,1.0,1.0,subgenre-current,novela realista,novela naturalista,2000,word,tfidf,8
582,2,0.009437322616577148,0.004504680633544922,1.0,1.0,1.0,1.0,1.0,1.0,1.0,1.0,subgenre-current,novela realista,novela naturalista,2000,word,tfidf,8
583,3,0.009311437606811523,0.004472494125366211,1.0,1.0,1.0,1.0,1.0,1.0,1.0,1.0,subgenre-current,novela realista,novela naturalista,2000,word,tfidf,8
584,4,0.009502887725830078,0.004477500915527344,0.7142857142857143,0.75,0.75,0.75,1.0,1.0,1.0,1.0,subgenre-current,novela realista,novela naturalista,2000,word,tfidf,8
585,5,0.009532928466796875,0.0045299530029296875,0.7142857142857143,0.7499999999999999,0.6,1.0,1.0,1.0,1.0,1.0,subgenre-current,novela realista,novela naturalista,2000,word,tfidf,8
586,6,0.00948476791381836,0.004458427429199219,1.0,1.0,1.0,1.0,1.0,1.0,1.0,1.0,subgenre-current,novela realista,novela naturalista,2000,word,tfidf,8
587,7,0.009287595748901367,0.004488229751586914,0.8571428571428571,0.8,1.0,0.6666666666666666,1.0,1.0,1.0,1.0,subgenre-current,novela realista,novela naturalista,2000,word,tfidf,8
588,8,0.009248971939086914,0.004422903060913086,0.5714285714285714,0.5714285714285715,0.5,0.6666666666666666,1.0,1.0,1.0,1.0,subgenre-current,novela realista,novela naturalista,2000,word,tfidf,8
589,9,0.009153604507446289,0.004452943801879883,1.0,1.0,1.0,1.0,1.0,1.0,1.0,1.0,subgenre-current,novela realista,novela naturalista,2000,word,tfidf,8
590,0,0.009311437606811523,0.004476308822631836,0.8571428571428571,0.8571428571428571,1.0,0.75,1.0,1.0,1.0,1.0,subgenre-current,novela realista,novela naturalista,2000,word,tfidf,9
591,1,0.009490728378295898,0.004530429840087891,0.8571428571428571,0.8571428571428571,1.0,0.75,1.0,1.0,1.0,1.0,subgenre-current,novela realista,novela naturalista,2000,word,tfidf,9
592,2,0.009551048278808594,0.004454851150512695,1.0,1.0,1.0,1.0,1.0,1.0,1.0,1.0,subgenre-current,novela realista,novela naturalista,2000,word,tfidf,9
593,3,0.009401321411132812,0.004773616790771484,1.0,1.0,1.0,1.0,1.0,1.0,1.0,1.0,subgenre-current,novela realista,novela naturalista,2000,word,tfidf,9
594,4,0.009934663772583008,0.004472970962524414,0.7142857142857143,0.75,0.75,0.75,1.0,1.0,1.0,1.0,subgenre-current,novela realista,novela naturalista,2000,word,tfidf,9
595,5,0.009519577026367188,0.004622697830200195,0.5714285714285714,0.6666666666666666,0.5,1.0,1.0,1.0,1.0,1.0,subgenre-current,novela realista,novela naturalista,2000,word,tfidf,9
596,6,0.010904788970947266,0.004677295684814453,0.8571428571428571,0.8571428571428571,0.75,1.0,1.0,1.0,1.0,1.0,subgenre-current,novela realista,novela naturalista,2000,word,tfidf,9
597,7,0.009655475616455078,0.004503488540649414,0.8571428571428571,0.8,1.0,0.6666666666666666,1.0,1.0,1.0,1.0,subgenre-current,novela realista,novela naturalista,2000,word,tfidf,9
598,8,0.009573936462402344,0.004675149917602539,0.5714285714285714,0.5714285714285715,0.5,0.6666666666666666,1.0,1.0,1.0,1.0,subgenre-current,novela realista,novela naturalista,2000,word,tfidf,9
599,9,0.009640693664550781,0.00452423095703125,1.0,1.0,1.0,1.0,1.0,1.0,1.0,1.0,subgenre-current,novela realista,novela naturalista,2000,word,tfidf,9
